player_id,position,team,p10,p25,p50,p75,p90
00-0023459,QB,PIT,139.85454519573523,156.39162422907373,177.2697642387342,198.80066778426456,219.78534591877724
00-0026158,QB,CIN,9.819717253833618,15.909094267843455,25.265016929583773,36.18702774079982,48.984877274343965
00-0026300,QB,CIN,5.114273384619985,7.9717279592630685,12.374556986399323,19.49785327517771,27.734467327886488
00-0026498,QB,LA,179.89040104043667,199.1579871937971,225.2368548483867,251.6687516718645,278.35010997443715
00-0027973,QB,PHI,13.468778723328516,19.49975691408841,26.74113420918745,36.03013292180062,46.508581554384094
00-0028118,QB,GB,24.667423143033137,31.22121963828338,42.16050401425311,54.23666203103838,67.34354407427303
00-0029604,QB,LV,148.25581312724444,166.0970131674718,188.15076081283135,211.85603806630263,234.56834154367385
00-0029892,RB,SF,20.02772468182736,28.02932333962525,40.44312023526688,55.6410097145077,71.33248512820023
00-0030035,WR,MIN,2.4749876753288684,10.06107733149241,24.869002822709817,47.76294159913045,79.4679880171588
00-0030506,TE,KC,95.55212025956511,120.10313359671429,152.26348338131643,193.23103267602085,231.68555636333545
00-0030565,QB,NYJ,154.48772735917035,172.50400693508203,192.8219151109076,217.61374374569328,241.7110956597996
00-0031237,QB,DET,0.8067303986685184,1.4099619253437303,2.956814533955661,7.684597435132352,13.43957650825474
00-0031381,WR,LA,114.68903097668596,143.36280783392004,177.11115962728448,219.6017161402341,260.33749211348703
00-0031408,WR,SF,68.01863207442393,89.15332326203036,116.54745652402907,148.22849879984332,184.76987124782943
00-0031484,TE,NYG,0.0,0.0,0.0,6.0,14.499684291405943
00-0031503,QB,NYG,32.827050215822574,41.85438275457831,53.44029293243619,66.38706510105357,78.68668041033119
00-0031588,WR,WAS,55.10264766988505,72.94858359859512,93.56223888860904,123.41242677734246,148.95886018491885
00-0032104,RB,JAX,7.528195417651366,12.370925114111412,19.956259304535426,29.83160915270691,40.618063646382815
00-0032268,QB,WAS,34.66950885883664,43.58186497226156,56.11030327743926,70.6018875758122,84.12082489324202
00-0032392,TE,ATL,14.343962936479809,26.013770858416304,41.95736641717289,69.02360781331055,99.02038367398764
00-0032434,QB,NYG,9.796954647805997,15.17332020744875,23.07755334030644,33.361478519616696,44.62009914978601
00-0032464,WR,CHI,9.279639515579795,14.867187277834557,25.39498334260213,38.15602097494593,55.25630173097086
00-0032764,RB,BAL,177.25024502183342,198.5479854204748,228.4659071146604,261.94536057235626,291.5755312288991
00-0032775,WR,SF,12.84995955554716,19.999883687962114,31.29638611195616,45.52351493250285,61.8714063723274
00-0032918,RB,MIN,2.118540893450843,5.243531820063894,12.172783301197477,22.617951974987157,35.388757075547886
00-0032950,QB,MIN,6.512338638830384,10.896263567861295,18.04562238898415,27.37689881694098,39.64929132199931
00-0032951,WR,IND,0.0,3.5805667489616937,8.689998686715171,17.741674085356184,29.36438548864233
00-0033077,QB,DAL,218.90250758217752,242.96224299746456,268.3860040403989,299.2279795978868,325.0159067863732
00-0033090,TE,NE,68.22766126840494,87.51150450558697,114.11406269837806,144.87692887220487,178.36373803989676
00-0033106,QB,DET,200.83601876250785,225.37483383239763,249.32885465436385,276.8862942700657,300.0466133034093
00-0033110,TE,LA,14.39710459787985,22.795634774860083,36.93553391933521,52.62143699024968,72.84984196248722
00-0033119,QB,ARI,206.2517180210841,229.713021865349,257.94962257528744,286.7567162741224,314.69990876694266
00-0033217,TE,IND,6.479707259236354,13.118824305486736,22.939123374345957,36.479467039225405,51.950305358006986
00-0033246,TE,PHI,0.0,2.54015854882423,8.664644279397347,20.223796480272675,33.70092662003913
00-0033280,RB,SF,199.05862348715257,225.6167385432408,256.8901004910418,293.0189190072627,338.01613069838595
00-0033288,TE,SF,35.6250254736708,49.930245710372965,70.7441934059066,97.69161544670216,125.08820663792224
00-0033293,RB,MIN,110.33022123339477,128.07057105135843,151.9626479626416,181.60898834667,211.2297307633107
00-0033307,WR,ARI,14.662546822010327,26.46505827243664,44.84925922266761,68.62679461703001,97.5525372346989
00-0033319,QB,JAX,4.141276513600705,7.966571737025534,13.913150582984462,21.47161493612869,29.38782934448357
00-0033375,WR,NYJ,3.42963588450514,7.946251560524727,15.696556782958748,27.168168164569845,43.135028995833885
00-0033376,RB,NYG,1.8522829074414529,4.513303130473481,10.392210948570703,18.318348569132503,26.24079720639608
00-0033455,TE,WAS,1.332706216393793,3.979740104865407,8.671515890206711,16.30580090803238,25.65777245397243
00-0033526,RB,CIN,51.79431211818643,63.38357633281913,79.86079363010145,100.64834982992416,119.6028319897438
00-0033553,RB,ARI,37.28538958501366,51.09711418094392,68.42934682913865,88.41870415204487,108.1676398977326
00-0033555,WR,NE,25.94555539840422,37.26898476763121,52.56906079569606,71.85034891965577,90.4034782580368
00-0033576,TE,SEA,1.4565008138768625,4.337041009246814,10.362151325451594,19.51575638479884,30.386663364600924
00-0033589,WR,CAR,0.0,1.5241922680554945,5.761521007104334,13.926084859327004,25.23778939310876
00-0033757,TE,PIT,0.0,1.1413583843518609,3.6534879462009338,10.490016246883918,19.70516978562194
00-0033857,WR,NYG,8.061972879713183,15.120288278570165,25.5739745596249,40.24547593861348,58.25044340796044
00-0033869,QB,TEN,6.562463271754303,11.52217479257708,17.672101359050775,25.8687492454576,33.69959802213517
00-0033873,QB,KC,230.65283251809865,254.8337778167065,281.1958136569896,309.6510472068348,335.41562875101494
00-0033881,TE,DEN,25.731704712326053,41.7174895903168,61.714866626389096,86.93623656705408,112.80967105671348
00-0033885,TE,LAC,16.43069391705496,27.09846088956481,41.14152855671448,60.37234858121558,80.36580700216898
00-0033906,RB,NO,74.57154186248091,91.13926104381932,114.4847446761903,141.9146830336379,172.68045028094286
00-0033908,WR,SEA,27.63279253881118,37.934967456630666,53.58366321366783,71.62571955606795,95.96664254433448
00-0033921,WR,TB,22.65882747381148,34.120643388626235,49.37576445333976,71.74203931826708,94.37975211598626
00-0033949,QB,DET,4.313575522572446,6.79325642510068,10.939342210325778,17.912064031406942,26.910048440494013
00-0033955,RB,WAS,15.474064771381904,22.283535361363622,30.751206660084605,42.48630706052992,55.00412474502319
00-0034270,TE,DET,4.418385199280054,10.144335688149791,19.32178033290721,32.51553504814001,50.79281952559752
00-0034272,WR,DAL,3.238981544567137,8.123600769109341,16.67594675140615,27.363678737474377,40.21194624310825
00-0034348,WR,DEN,83.71479676408221,110.0067755327696,144.69044496920242,190.79301640166503,239.06558562012447
00-0034351,TE,PHI,64.15024055043914,87.93687766362584,121.0410017173212,162.71930221416224,207.4205245547965
00-0034365,TE,LV,0.8847424169351475,2.595997764958403,8.216885619132174,16.68297978600529,28.90609846264879
00-0034383,TE,HOU,72.39198797769596,89.77981360453305,114.1544688295763,141.89720816702527,169.87432040697152
00-0034386,WR,HOU,3.8735563954654473,8.776084405545019,17.686148928383684,30.900619564549977,46.43854724295807
00-0034418,WR,DET,0.0,0.0,2.9134956977305078,9.25744051389293,20.004570341787872
00-0034419,WR,NYG,0.0,0.0,3.4010340819602294,10.78198504188834,20.026151790579267
00-0034487,WR,BUF,0.0,0.0,4.807595482742921,14.265111468672888,28.85719898508827
00-0034577,QB,BUF,3.311008533080308,7.548424490262933,13.498291119213311,21.46281949819906,29.903503814651696
00-0034613,TE,CIN,4.564775330478216,11.790831921116132,24.699559387863697,41.56037437522208,62.624319094341615
00-0034753,TE,BAL,92.86531431042184,114.3070101009628,146.06222995898185,182.2838026036083,217.74062318755944
00-0034771,QB,PIT,2.537366162652746,4.736685096947209,9.290525205537444,15.543679305961792,23.747977462588835
00-0034775,WR,SF,18.374634282706364,29.20121656791631,41.658534102488815,57.20769470598712,78.52831167393258
00-0034796,QB,BAL,174.30428141901734,194.7906617235891,217.1467795745903,238.9319528982752,263.05257171585384
00-0034798,TE,BAL,1.4213773797750715,4.211258884012487,10.245560413418524,20.08844472899161,30.15051145099717
00-0034827,WR,BUF,40.80004678614085,58.80752191691831,81.99083234929128,113.8976475842617,148.3967311455419
00-0034829,TE,CIN,23.668627349904902,37.00831485003206,54.9138147167124,78.29184294777086,103.07096481614089
00-0034837,WR,TEN,23.289880703380945,34.33952193465661,49.401864324033454,70.65129116644879,89.04632575921573
00-0034844,RB,PHI,135.08889330412669,159.46908508327937,189.40332588562285,222.65444385541545,254.0508885998746
00-0034855,QB,TB,174.64109854841286,196.21944043537584,223.56887707740503,250.9092258475803,272.5283185099859
00-0034857,QB,BUF,232.3044991009269,254.68926523153448,282.49325214544353,309.954748021328,338.3811619134493
00-0034867,WR,SF,0.0,2.195504217621984,6.768318659272554,14.003814493887962,25.333543592367548
00-0034869,QB,SEA,176.10578043559946,197.4407473554928,223.3552476327386,249.64883052064988,274.76285138639497
00-0034959,RB,NYJ,3.716014080407273,7.815894255586778,13.759422928043287,23.48771456717381,34.461053961256106
00-0034960,WR,JAX,64.78881946871051,83.34926391306448,111.56893333579922,144.01668729455767,179.35315962037365
00-0034975,RB,BAL,45.84854669462547,57.3701609269981,72.77146224049682,89.4914523833286,108.49337205365136
00-0034981,TE,HOU,4.795740871986158,10.16268589854983,17.538823976262897,29.31020013209322,42.94869492922882
00-0035021,WR,IND,9.402842974484908,16.14600570632746,27.57076716731269,46.948511487046936,66.17070493218888
00-0035039,TE,CHI,0.0,1.1287143864870408,5.178264354360234,13.302176038877043,25.59416305768565
00-0035100,QB,TB,12.30671859167313,18.83369571478011,28.2748108594,42.93104731676528,58.32837888351768
00-0035125,RB,LAC,7.784005674884603,13.79619930418149,21.86111482016794,34.028511346243086,47.261525896915984
00-0035140,WR,BUF,0.0,1.7544277557981895,6.683166201124365,15.959456825388209,29.476919823460022
00-0035208,WR,ATL,12.640798635578316,22.611922703855196,38.056236780551416,63.45423421120214,88.53430184406187
00-0035228,QB,MIN,199.78100810571908,219.12132048398576,243.1425109244135,269.9198510244212,298.57091261153414
00-0035229,TE,MIN,48.16163277893505,67.05625822354213,96.36088519639095,129.0945342682817,162.79987255320884
00-0035249,TE,MIN,5.563969557262398,11.873864225387011,25.98516543945489,45.111755910104165,68.49432812293173
00-0035250,RB,NYG,28.885990103478623,38.69286665874349,50.85506288265886,65.75264404598592,80.27291815125996
00-0035261,RB,TEN,138.4531587296944,160.13911802922843,186.35995970327644,213.2669065371761,237.645764186499
00-0035264,QB,DEN,0.4477368607199423,1.0503691079660853,2.0930102017316883,6.592370634056008,9.51514628725278
00-0035289,QB,ARI,4.474243013966193,7.600815735411747,12.12412886722173,19.93166566377016,28.07503669299959
00-0035298,WR,CHI,0.0,1.5939752281723514,5.637662305616344,13.60499901042359,24.078188610162965
00-0035359,WR,TB,8.952293200236634,16.88165794757638,29.27694383712764,47.56473837196086,65.37496247776632
00-0035406,WR,DEN,1.9675884258909,5.926609511278734,16.228609941096458,29.32338231595884,45.83855011680983
00-0035500,WR,DET,8.504857225846303,14.791173262485776,24.496397947372,38.20051286204541,54.25437219439139
00-0035535,WR,NYG,14.02125159819228,23.10815424567981,37.32485407964468,54.09853375533723,74.10630528304343
00-0035537,RB,BUF,35.162143617808695,48.379859055954135,65.44744476019704,89.03474687688998,110.1037016225622
00-0035544,WR,DET,0.0,0.0,2.008191948909628,8.266910504286624,17.37242139961361
00-0035594,RB,PIT,0.0,0.8904312842341283,2.575955035265028,6.2478191407924255,10.858367117242924
00-0035631,TE,CIN,8.79842893308708,17.009675065751566,31.055921442699947,49.52615261943321,72.49753194001686
00-0035639,WR,DAL,0.0,0.0,1.36618073945833,6.284668504947662,15.072073334260306
00-0035640,WR,PIT,86.17705928680549,109.21404080893926,141.16959844041375,179.64616596618578,224.2839147285871
00-0035644,TE,NO,12.76691606847216,22.54995000314948,35.49743086327051,52.38390507465103,74.21781372530224
00-0035645,WR,NYG,0.0,0.0,0.0,0.0,0.0
00-0035659,WR,WAS,54.91522983387231,70.24893129270033,92.46478774748331,119.78344907385566,150.5960816801847
00-0035662,WR,PHI,18.32894450745283,30.573664214046552,47.077280127168535,67.750327039844,93.70887604385769
00-0035676,WR,NE,115.9493640048862,139.55917102204532,175.1544894891985,217.4343149663071,260.26593428118207
00-0035685,RB,HOU,92.80811492672242,109.66790396371316,129.90700206030888,150.53482425165606,175.78312648307488
00-0035689,TE,BUF,17.444029033979056,29.96932839105888,50.55872175658521,74.91201715927966,104.73013246603246
00-0035700,RB,GB,156.81587852397837,179.6785501924763,209.7546736978527,243.10923568052388,278.51621558127715
00-0035704,QB,SEA,8.136717437164963,12.136246317697482,18.076702708282525,25.670037097682787,35.05056940352282
00-0035710,QB,IND,197.88515984948043,224.88833886083216,251.32045126076548,280.132679571483,309.66368285038965
00-0035719,WR,SF,65.705797688932,84.85800510069225,108.24360387330071,138.06204138563822,167.67448410148953
00-0035891,WR,SEA,2.238881046651562,6.117104741995285,12.748125290868888,22.418373925535555,32.283156311973464
00-0035976,WR,CAR,0.0,0.0,0.0,0.0,0.0
00-0035993,QB,BAL,22.498473991953265,28.547936245954787,37.04353025605849,46.48682098748563,55.27905910338025
00-0036032,TE,IND,0.0,1.026099950494611,3.7228258198976016,10.625056439483656,20.604549105993453
00-0036040,TE,NO,50.37606329270158,67.39416043953385,89.53592308515324,118.64769434351712,147.57462317709363
00-0036139,RB,PIT,100.93775701531963,117.83059287640036,138.48604934993756,163.93248499737024,186.0360918841599
00-0036145,TE,WAS,0.0,0.0,1.8207578805350049,6.536386920016282,13.4560223316774
00-0036158,RB,DEN,83.55382519529569,99.06849862194451,117.0799517297746,143.3784029644561,166.0150738163874
00-0036165,WR,NYG,2.259003136212792,6.919857344801171,14.561970692267847,25.336327547421064,40.33753029116945
00-0036176,WR,TEN,0.0,0.0,1.7542200261229404,6.532031875768769,13.315468919084198
00-0036182,WR,IND,4.307663087532526,8.181944326231683,16.55189710482419,26.519153934590427,39.38892013644253
00-0036187,RB,NE,5.08416343475972,9.114951728220376,14.989254059724187,21.42489842369883,29.33713773423792
00-0036212,QB,ATL,23.19329426338921,31.74069876618712,44.44637571410789,58.60692573424111,73.79520598006155
00-0036223,RB,IND,190.89327097853547,215.19827752010465,248.19235325080507,285.9078697343515,322.785598283743
00-0036232,TE,SEA,0.0,0.0,2.3952507797766405,6.4974770603030745,12.1496426275298
00-0036244,TE,LA,21.643392944763068,31.03536564956991,46.09451817509399,65.58393474513677,86.87454075946074
00-0036252,WR,PIT,75.88798249856319,97.04817374418803,123.12411612299994,158.17093364077385,197.6850618384439
00-0036259,WR,MIN,40.963072756101134,58.62843454967189,84.27824312497913,115.17016904589688,150.40728533277405
00-0036264,QB,GB,173.37739344727314,193.24733896242617,218.52686645722488,244.07605211075943,271.3034511483439
00-0036265,RB,CAR,7.937118776042083,11.673044952188617,17.838829480233514,24.691831982333937,33.48701060313582
00-0036275,RB,CHI,131.48514596072565,152.43893275165797,177.43062703237626,206.6647934198412,229.8826616048892
00-0036290,TE,CHI,34.899573204837075,47.793226186033,65.80353567675562,90.24203712513622,114.94702061518068
00-0036309,WR,NYG,17.169445612784422,26.23485122189455,40.53334006585331,58.60568167439652,80.73457992645224
00-0036322,WR,MIN,115.74971358273774,147.2016005602655,195.9428869388154,240.58422244267848,301.9057855909568
00-0036331,WR,ARI,0.0,1.0536234525918802,5.355870642551942,15.270276604274516,29.06596730149636
00-0036355,QB,LAC,256.36339107740287,280.23820621982964,310.7889076124623,342.3867859898056,370.3976625349696
00-0036358,WR,DAL,89.03611943819952,117.77995153591463,152.06525981437727,198.15290194386256,243.46908684319013
00-0036389,QB,PHI,215.52102718349676,240.50786356170636,266.76880911320563,294.89706588872644,322.4336548291648
00-0036407,WR,CLE,60.13432713455708,77.71336374492188,101.10147243299556,128.2280515208233,157.5550956519396
00-0036410,WR,CIN,81.5692185810935,108.03681026292632,142.86323216368476,180.3411355398848,224.59803263029505
00-0036415,WR,WAS,10.929620449157635,17.0021146174615,29.164221203208317,44.05453192851496,57.86771911051835
00-0036422,TE,DEN,8.597157890454051,16.062453181090532,27.62727129142987,44.13323011465455,64.7170111353116
00-0036423,TE,LV,15.53250775318288,24.377953273708357,38.34574533481496,55.78863188737492,73.41037233402322
00-0036425,RB,JAX,1.024576524678023,2.201052007905849,4.272687636665083,8.10345331675719,12.7079495536118
00-0036427,WR,DAL,0.0,3.700995196485609,13.441475783262478,29.37039803692608,48.93018387042992
00-0036429,TE,ATL,0.0,3.2766508811041013,9.440865962733785,20.98426887205254,35.09465209550105
00-0036442,QB,CIN,190.3929017285365,212.02326185869515,238.25069926945,263.1499210400942,288.1169815722411
00-0036463,WR,ATL,0.0,0.0,1.966663262439896,8.665131596676378,20.48500676619308
00-0036497,WR,JAX,0.0,0.8107770517913333,4.32782161865156,11.352326545901157,22.280641075892763
00-0036534,TE,BUF,0.0,0.0,1.916223943179894,7.402991759747696,16.79422716950603
00-0036550,WR,BAL,32.24074606957808,43.47640612510911,61.29227651092724,80.4202219463742,99.96760395295634
00-0036554,WR,HOU,138.66158236111542,166.16585560276076,206.72580820194355,259.8273457407515,314.2444128190398
00-0036555,RB,CAR,109.24916666353867,126.64806779884012,148.8723659500047,174.7723647416639,200.06972458492888
00-0036567,RB,PHI,2.521358404539369,5.458060921209047,11.467516062577976,20.029841516562595,33.153950277779366
00-0036590,TE,JAX,0.0,1.2834139395022417,5.279059968286676,13.018819434539342,22.52975064193138
00-0036613,WR,DEN,74.67113054555315,98.01888056033212,130.890655662204,170.71574908290145,210.3468005287853
00-0036626,WR,WAS,7.111524525397839,13.740152421153644,22.736093716867217,36.86911929017303,49.3734946533361
00-0036628,TE,WAS,3.348328444797047,7.179159990000896,14.345152462560366,24.67931331641019,37.72346134328144
00-0036630,WR,CLE,0.0,2.2467368814704014,6.265517367287602,14.317051910576172,23.103899091204514
00-0036637,TE,KC,17.087181674513463,27.406327723795723,44.0362091933004,63.36314520341017,85.06284608748422
00-0036646,WR,ARI,0.0,0.0,4.536116777256223,13.490728715841067,28.289295921211423
00-0036679,QB,BUF,2.198683414246166,5.055536261927603,10.072192585895582,16.646966048162742,25.977625964821037
00-0036727,RB,DEN,2.52542976896139,6.507627274981079,13.102508141073017,21.48984478891604,30.78525211705316
00-0036741,TE,CLE,1.169752360464843,3.687048909269417,9.770310890017983,18.54243905496299,29.40062666386618
00-0036754,TE,DET,6.875327111614228,13.978081997876131,24.95628929569605,38.431495716676366,56.1470777494132
00-0036755,RB,LAC,10.35152696243645,15.85366998153853,24.36252272697924,33.749049600270524,45.49612020191371
00-0036775,WR,PIT,0.0,1.4569785804111932,5.006585624319756,11.712345780425892,19.877972554651283
00-0036825,TE,CAR,0.0,1.1363648250242793,3.4408205920258514,8.9808425791393,16.84917675179292
00-0036841,WR,JAX,1.7264065099586168,4.921501145407341,12.227900358009254,22.69385302222481,34.630183855393824
00-0036842,RB,NYJ,2.598630201558326,4.485695026943371,8.505551235328747,14.136200063040402,22.094971080250136
00-0036849,WR,MIA,5.969254775239962,11.87555405874198,21.04165251675478,33.62407898401713,51.79389733079069
00-0036862,WR,PIT,0.0,3.455900229177252,10.339714166775378,22.765812115386943,40.73723488436559
00-0036875,RB,NE,121.58872022254548,138.76962617996796,160.75681831064398,184.5715051435014,209.19501198201735
00-0036876,TE,TEN,0.0,1.546274598397397,5.95101411885166,13.693815204576788,22.604078288283844
00-0036887,TE,SF,1.144060177066752,3.0588034623157507,8.602874388984471,18.540029438615004,30.923619102556604
00-0036894,TE,PIT,57.43990089765892,75.0436129547972,97.733019850596,129.94482654618963,155.9908793650709
00-0036898,QB,HOU,11.825813140938791,17.567690672072622,24.69135965278272,32.866981386622015,42.02177228444032
00-0036900,WR,CIN,174.0739391148327,221.2693238736392,270.7438708290747,336.6215745536392,397.8683395110054
00-0036912,WR,PHI,77.89114724949087,102.89314236150877,134.87513221006043,179.83083136257872,224.98381263709584
00-0036919,RB,TB,87.71009737412463,106.26285201545129,129.71545231439188,157.15840595700638,181.2186315400817
00-0036924,RB,TEN,21.911031694224235,31.29875171197909,42.98135936070933,55.41858600731192,71.84014010900356
00-0036945,QB,KC,29.81270346246036,36.45160544609627,44.523367152129694,55.17345779572718,65.8915299525151
00-0036959,WR,DEN,0.0,2.515415603412509,8.236857154715803,17.736566650615295,29.852951128763493
00-0036963,WR,DET,114.27176243031906,144.70271326901667,181.0640808750648,221.762870153182,271.98788254246017
00-0036970,TE,ATL,86.3274101231293,112.81060926426665,149.34399856620666,189.99877302799663,236.49374284577505
00-0036971,QB,JAX,265.83054872450225,294.8240587344719,321.0166448274783,349.84077776429353,380.4430292647172
00-0036972,QB,SF,19.94477664898085,27.411754892014947,36.20057523878674,46.84046476319536,59.40131411232177
00-0036973,RB,NO,94.90284905036876,115.57666718594405,136.04890457217297,162.70801486707143,186.4332456928603
00-0036980,WR,PHI,0.0,2.197595978797501,7.872868937830641,18.538223640950644,32.44200986874098
00-0036988,WR,BUF,11.449048527549085,21.390582441709597,34.93307133947758,54.71840633182774,74.97597833892654
00-0036997,RB,DAL,103.39020988299472,121.721051696152,144.9915721899897,167.76236485720065,193.3934154347008
00-0037004,TE,JAX,1.5764291792369818,4.79351262673592,12.264984048330248,25.81327638829464,41.21522009845037
00-0037005,TE,CAR,16.858822809918735,29.399315225946253,44.69849043814807,67.079209221775,89.00422763500046
00-0037012,QB,LAC,1.770573953278481,3.451012807838495,6.671582082274353,11.116326161309432,16.779434319119915
00-0037013,QB,NO,8.49813580319153,12.337023391737628,17.518778090218497,24.22391764713427,30.012436217185627
00-0037085,RB,DEN,5.467529543910699,9.640472833271067,16.22788885176987,24.357917679637733,35.31213991486577
00-0037086,TE,PHI,0.0,2.3350900749743,8.837975042029639,22.427435890654987,40.013466613407616
00-0037091,WR,GB,0.0,2.4959645503889245,8.940134423863588,20.751199667501567,35.3472672524958
00-0037093,WR,LV,0.0,2.9699316892653087,8.669513245524472,17.78733142632906,30.156756865273323
00-0037098,WR,PHI,0.0,0.0,5.970634967664094,17.100166666653514,34.90517679863984
00-0037112,TE,SF,10.387305579309576,17.985175639389556,28.6871276607838,43.322914857107335,61.921557527624486
00-0037120,RB,ATL,3.156001099165868,6.373838589977458,12.580391868440357,22.671815620841727,33.80307101991168
00-0037132,WR,PHI,0.0,0.0,3.687997406574654,12.143923770147511,26.99549485042434
00-0037157,RB,ARI,17.80778460193847,27.116434830787323,42.857341934986266,59.97343079106431,76.30701166269128
00-0037197,RB,DET,57.07532076568721,71.46071627364233,87.86060966066216,106.67548510031162,127.24233887977034
00-0037228,RB,PIT,120.82684959148465,138.26781835417253,162.64543225723992,190.40464390940096,217.14179185421364
00-0037231,WR,NO,1.6681603707952353,4.209285660556056,11.018564074255949,20.640574545308912,33.622243030960824
00-0037238,WR,ATL,117.89004150655248,150.51645026915986,191.22332167266305,243.8851249794622,298.9962011984368
00-0037239,WR,NO,100.05747427505833,129.78540593516698,164.6527135186563,208.67436895235,252.08685939258464
00-0037240,WR,DET,88.81052490073996,112.09165826804126,145.00059139831524,184.81048282192808,231.998009589833
00-0037247,WR,DAL,116.19629713399864,146.39250439934656,190.2880640825596,240.85703031953076,294.07141062886285
00-0037248,RB,BUF,173.2552158702456,198.7022140464962,233.85955287956784,270.181885666007,312.1122093785352
00-0037252,TE,MIA,40.54788288128289,59.02738622496605,81.82463200323065,105.90787092441892,134.66100903762882
00-0037256,RB,WAS,70.49909028942892,85.04112513959512,102.2241678692278,121.62732773795126,143.9974186643173
00-0037258,RB,PHI,2.553654212569775,5.05296642366746,9.621849471411084,15.45029089420699,23.898639416623173
00-0037261,WR,BUF,45.708586720943046,64.74386270712421,90.40458361134633,123.1546651982627,156.22362422623425
00-0037263,RB,ARI,32.86141044098144,43.053930177948935,58.94465695838511,78.63161501928582,97.08846078548908
00-0037267,RB,WAS,12.069706671051687,17.519102277860284,25.05645303864636,34.831726034362354,47.1822928950074
00-0037276,RB,NO,5.905566834728527,10.737253127684832,17.340316386410215,26.092949289165475,36.78782266033379
00-0037277,TE,ARI,0.0,0.0,3.784445130978186,12.50372819674737,22.814434719271308
00-0037282,TE,CAR,0.0,0.0,1.9013308124523007,6.282303553939292,14.197157806065086
00-0037291,WR,LV,36.09635585325629,49.38478242566991,70.02444666248081,92.65109290707277,124.16305258146664
00-0037292,TE,IND,1.8992515104743728,5.539611111014853,13.373375116839956,23.477351983820853,38.80544362352795
00-0037304,TE,LV,1.195645088107257,3.317840186189543,9.716897211206993,19.65261572674394,31.656674323530996
00-0037311,TE,TB,0.0,0.0,0.9956291512864642,4.48422256139493,10.93457823790846
00-0037324,QB,KC,1.8496287998400407,2.95558715070857,6.552793339532668,11.049452397183114,17.567314443511027
00-0037329,RB,CHI,4.82816548760625,7.548561624282156,12.879909141485658,21.265718527218077,28.305150474983726
00-0037340,TE,NO,0.0,0.0,1.2343903287701177,6.0,15.720688046566762
00-0037348,TE,NYG,0.9972865309186122,2.634274531468444,7.593567047293122,16.583684381514175,29.10731827993324
00-0037475,TE,PHI,0.0,0.0,3.6955130076283194,11.064706863737989,22.320025319934363
00-0037525,RB,MIN,61.99550252295144,74.75215139609291,93.67853458553812,113.63394967335898,138.48017995599736
00-0037539,TE,DEN,0.0,2.136036650382702,6.657058996524645,14.31594453007829,25.711882696174214
00-0037545,WR,SEA,47.480705064996855,60.50479670626268,78.90688136102659,103.84170764702677,129.01540097687197
00-0037557,RB,LA,7.527025799469227,11.769110837609734,17.890327525043478,27.44626373048921,36.19731258360473
00-0037563,RB,DAL,14.060221896915673,20.593437022352767,28.38849479524985,37.99540645228132,47.760452289107945
00-0037594,RB,TEN,0.4440719858047644,1.067625149466206,2.485763549243217,7.116639713834857,11.750940722866508
00-0037614,WR,CAR,14.309021580372214,25.032798043135944,38.53529705211402,56.65469018036856,79.93822929528405
00-0037664,WR,IND,40.19758162362684,55.22198906146393,80.52857906381351,111.20170043652902,144.3946527683545
00-0037666,WR,MIA,33.85762400477267,46.5861658320996,62.92703458807881,83.19309842655844,104.8485317232592
00-0037708,WR,CHI,0.0,0.0,3.414481509355454,9.844315937014043,17.89516880679868
00-0037740,WR,NYJ,76.46811573662542,96.8153510025504,125.39052489880794,158.61092716717437,194.7452929312786
00-0037741,WR,ATL,10.835107734032052,19.987464973307297,35.69238985179182,56.01320495060182,81.37450382366933
00-0037742,WR,WAS,6.764187441014105,13.439667539898966,22.511395613744607,34.015725904402615,46.37397324634088
00-0037744,TE,ARI,115.2146964697806,142.90568388479565,181.1144261788985,223.96780584724416,276.7048573620874
00-0037745,RB,SEA,1.5870498556994224,3.0257090199155585,6.168880582717174,11.361857817596697,17.280897798506885
00-0037746,RB,ATL,38.61535294023801,50.9613471312873,68.18883937568289,87.33687106776543,110.0786529457192
00-0037755,TE,NYJ,0.0,0.0,2.30460238800395,7.92202780015101,16.43647238194083
00-0037801,WR,DAL,13.246991462414057,19.97877760164868,34.45286564604641,55.88022226177045,75.20569580124047
00-0037805,TE,NYJ,4.022747273984663,9.15321696580575,18.62342704810171,31.165945011101133,46.59379327125416
00-0037809,TE,WAS,48.21817664489589,64.61311780054645,87.03347538756252,114.87291541506694,141.74005170207673
00-0037816,WR,NE,60.86063766713228,77.76069083250741,99.56626205601964,127.86304116900064,158.03514647283637
00-0037834,QB,SF,219.51242036361424,243.94262003583992,269.8333703415055,302.58320095508867,329.4373619464556
00-0037837,WR,NYG,16.13474801903992,25.62570135888558,40.04246599996777,57.38872014777488,79.34554439606109
00-0037838,TE,NYG,17.023640799062314,26.73411482647151,40.24137971137745,57.46445606634033,78.58327483982853
00-0037840,RB,LA,141.71823282951,162.73721392104477,188.99490576172616,222.50623040793116,252.88134621306835
00-0038041,TE,DAL,61.09299137240883,79.39075296566736,111.5592405570695,145.12228590803954,181.4282437821156
00-0038046,TE,LAC,4.476695412509119,10.562474108841483,19.74697254116306,35.71626316723679,56.57670948509982
00-0038090,WR,GB,0.0,1.6785596604444462,7.255408124928459,18.211095057221485,32.97476069691727
00-0038102,QB,CAR,10.753323620293678,15.93835698184947,22.17791877290253,30.003343607713266,36.4210912575704
00-0038104,WR,KC,28.448578360607847,41.74008873912711,61.27570571561646,86.72480747231398,113.96735900750258
00-0038115,TE,TEN,11.261094056129457,19.16856534065036,31.193732910191457,47.21920370599942,69.05969068125916
00-0038117,WR,TEN,65.0769043023872,83.4386397546714,108.59817946870731,142.0296568093711,178.68117363668884
00-0038120,RB,NYJ,142.91458268572967,164.51764673051434,192.04255969421337,225.0782280483855,251.716817937828
00-0038124,WR,GB,66.57430319805081,86.61094589135189,115.8467149409332,154.71990131903527,195.87713457021275
00-0038128,QB,MIA,142.06182577111898,162.34514371545683,185.1640022601801,210.79170313835,233.29828752758232
00-0038129,TE,TB,51.83988951370584,68.55432216552468,91.27241183516226,120.98745895653242,154.46780935776812
00-0038134,RB,KC,107.4103132813604,125.92761953003532,148.630762742162,173.76491138083233,195.3567590951432
00-0038359,WR,LA,5.678386701036904,12.783460987536229,25.51924647789328,42.38995415870516,64.39371324666513
00-0038393,WR,PHI,17.602116588576944,29.943542604255743,48.95463739769818,72.85250263480656,103.62730216954095
00-0038394,TE,IND,0.0,1.4575634456470892,4.8249520392001015,12.018735972181076,21.58251242553044
00-0038396,RB,NYG,0.447629210962025,1.3658010275904036,2.969686733439712,6.076379835325064,10.764100105916976
00-0038397,RB,HOU,2.2481914382582606,3.905890247253535,6.902981682141355,11.630259280266568,17.171546113055086
00-0038400,QB,PHI,5.2381196581018,9.331535415713777,14.990113735523874,22.446690152416068,29.754281178180754
00-0038416,QB,CHI,2.904198991570983,6.761856111565693,11.611439490926925,19.165044555902146,26.95230646038768
00-0038440,RB,MIN,4.23668203369767,8.127472969536903,15.042641045409193,25.891556320171063,38.35452567160993
00-0038454,RB,LAC,32.4032676252518,42.66273419304007,55.79206378848346,69.61583288115915,86.45192165076442
00-0038488,RB,SEA,1.3671333650667614,3.0053583188850084,6.489887466946508,11.981918505615088,19.498574216295147
00-0038492,WR,KC,0.0,1.7436537925259987,6.003472719181529,14.4074944790871,26.41292293717474
00-0038496,WR,NYG,0.0,0.0,3.197060081148749,8.649334876123664,17.41391511282094
00-0038498,TE,PHI,0.0,0.0,1.0838435101605937,6.0,16.21473344192905
00-0038519,WR,KC,0.0,2.4925724350056546,7.853976171734897,16.32433261753324,26.886006358253077
00-0038542,RB,ATL,188.12072647067305,217.65153436690576,253.52981510731811,299.32917034551895,340.6218324580133
00-0038543,WR,SEA,165.8443155068169,198.1476439627546,237.53391484897185,282.41900799323184,333.3546779815362
00-0038544,WR,LAC,81.51214785120216,104.39798147594364,132.53494189330917,171.8685513289588,210.257126826019
00-0038547,TE,DAL,2.7335358959845744,6.947186090398962,14.982039425697325,26.45817914630872,40.66371407738269
00-0038551,RB,NO,13.831008815465085,19.960382615053646,28.65186446049856,40.17924138980998,53.35763777255863
00-0038555,RB,PHI,31.208167286869852,41.145713892197485,55.10394376477704,71.52040712031084,86.89755244692526
00-0038558,TE,PIT,16.93216344056921,27.49437047979852,42.76474489957617,60.3895641142405,81.28426926223435
00-0038559,WR,ARI,76.9771067729525,102.3567919330502,137.15539800229186,177.4198819595772,218.38727956528655
00-0038563,WR,LV,64.07218133484677,83.59254298298288,108.31271455342026,141.18614010447064,177.76430481318056
00-0038564,TE,PHI,0.0,0.0,2.762155158762748,10.375929208785037,22.377472684565998
00-0038573,WR,LAC,1.20037923501906,3.745083859562201,9.098331653118644,18.149632103155,28.73588308943571
00-0038576,WR,CIN,0.0,2.0486749957367083,7.341542517068406,17.492962001666477,30.46279150172163
00-0038579,QB,LV,3.853157091600862,5.822227977089344,9.562063103554904,14.633783167548216,19.777890908896158
00-0038589,TE,GB,2.308288561091424,7.223142058474189,15.791453561755391,28.18089748135764,43.76007287836784
00-0038590,WR,LV,0.0,0.0,0.0,0.0,0.0
00-0038597,RB,CIN,156.61616773319648,183.6317152019356,212.4277866654044,247.3190711987083,279.28110076700347
00-0038606,WR,JAX,54.532687279362,72.20286366116908,95.85990670080356,126.26291340397748,158.50496315484745
00-0038608,WR,NE,29.21154880542918,43.12769923069652,64.15732668213354,84.49463560358524,110.07309563313204
00-0038611,RB,JAX,64.74614531325034,78.55948295734169,94.79327957130846,113.91511609089116,131.76950278325347
00-0038614,RB,LAC,5.505553798173804,10.36892770868493,18.47881123365129,29.43799088421569,39.67802158205765
00-0038618,WR,HOU,31.058668917126077,42.76062856505443,59.56918580303462,81.43868512286822,104.8202398385963
00-0038619,WR,CIN,28.517001215415107,44.07730922938017,65.4715008241233,92.8412364568011,123.47122263650192
00-0038621,WR,NE,29.40595995761755,43.047075999672266,60.354888018173135,83.9386498618569,108.13287706967536
00-0038640,WR,ARI,0.0,1.5908164224831016,6.472431259516924,15.791090339870006,33.11122226304932
00-0038643,TE,SF,0.0,0.0,2.423322269560624,8.952857580405471,17.439498416899223
00-0038647,WR,NO,0.0,3.3468603281677654,9.917248406050351,21.29103583141953,36.11740518347779
00-0038679,WR,BUF,4.628439661540116,11.121390025097206,28.01670021483023,50.51096931179313,77.99071588082239
00-0038685,RB,GB,13.46439635166785,20.2935524311827,30.7686341605812,43.89474537531639,59.00878348608132
00-0038705,RB,KC,30.7838866974938,39.60932175839402,51.433099613891706,65.10422532234394,81.22154310765382
00-0038710,TE,CLE,3.0773908186263137,8.130112077379454,15.568308760977974,26.35755736672189,38.39968651975615
00-0038720,TE,NE,0.0,0.0,0.0,0.0,0.0
00-0038728,WR,HOU,0.0,3.830548772272474,10.144626323068824,18.939414802592974,29.723309118054967
00-0038738,RB,DAL,4.98166224766524,9.695127172493123,15.68970329921012,26.723841782057487,39.10834751455606
00-0038752,WR,SEA,0.0,1.496497395715561,4.318756059694594,10.214951568793245,17.860219516975693
00-0038783,TE,DEN,0.0,1.6075072540750877,6.0,14.815185096712966,29.158377348163057
00-0038794,RB,DEN,7.414357899732242,11.309152838925458,16.25266881422207,24.15158413459615,31.67973031429305
00-0038797,RB,SEA,30.81869415719731,39.28086265602427,48.56207524160028,61.28142905214924,74.46700976138447
00-0038809,TE,MIA,0.0,0.0,2.082935784479542,5.927341086588135,11.344633435892703
00-0038824,WR,NYG,0.0,0.0,5.976324118948483,13.60569067922672,24.93272960046592
00-0038839,WR,CIN,8.419874540046324,16.83143549427644,29.08430849237477,45.4972177002646,66.01127726543696
00-0038840,WR,CAR,0.0,4.4673231124481525,13.032489680322328,28.213733205578222,48.799465962433615
00-0038891,WR,LV,3.567621998965988,8.300521919631448,17.208025886925284,30.323373278772024,45.48024882359633
00-0038896,RB,DET,1.6303171848727491,3.406026096562046,6.861376749923422,12.076892688873908,18.062104042240232
00-0038911,WR,DET,0.0,0.0,2.804534208583356,8.15225140723464,16.090010523480615
00-0038933,TE,BUF,45.04653847121861,64.58763070264271,94.89189414897486,131.4199418932162,172.16694537318736
00-0038935,TE,JAX,44.63715519747434,62.98936095463269,85.95103459266866,114.38452367524962,140.51669939246895
00-0038938,WR,NYG,0.0,2.1348971925614157,7.879702281879116,18.57610291527302,34.26541111570565
00-0038951,RB,TB,19.923330238506622,27.515930547311257,39.250892202693535,54.20453507840999,71.16990128149043
00-0038953,WR,ATL,0.0,0.0,2.5905720340201754,10.265868003722591,22.55820723239444
00-0038976,WR,DEN,12.396248614709483,22.143525798850444,36.03633906942191,55.08648327300671,75.87615840973649
00-0038979,WR,CLE,25.59419951713477,37.59714322421651,52.604637888541816,73.05797306916617,93.68759809082226
00-0038994,WR,MIN,59.40841130877418,79.20602302564166,110.0021068016731,151.57891997689438,189.91341165022664
00-0038996,TE,GB,104.42127281016094,134.32120293792616,169.09838431456726,212.34448576448057,264.7238323329381
00-0038997,WR,IND,76.02811612001852,96.84981611811934,122.37639102393364,158.48275282222764,198.11133952820344
00-0039021,RB,CHI,9.667252258417909,13.102820173576948,19.42399040297957,26.59586840398845,37.114742349856726
00-0039032,RB,TEN,48.491641450996966,61.81445023796843,76.04467855271601,93.48044945848052,113.52353600534596
00-0039040,RB,MIA,194.864780486694,220.19384698826667,252.9670664118665,294.46226109881485,333.8217523527586
00-0039041,TE,ARI,9.984921099763334,18.979480727024104,33.57635210074491,53.68379621843924,76.29903602033636
00-0039050,TE,TB,1.2081913132593352,3.555007711402828,9.992093629921708,20.68805520582826,33.402737887364204
00-0039062,WR,DAL,0.0,2.9075292017154624,9.139764337584456,19.173140307458272,31.875520924362775
00-0039064,WR,BAL,128.19533511248198,154.58561023999442,190.44501343781891,234.6316466204636,274.3629201041542
00-0039065,TE,DET,73.55872617551833,94.40319667671923,125.31175223453714,158.0549616051832,193.50876411582607
00-0039066,TE,LV,21.084137778365584,31.162289956500057,45.13381606032716,63.395348451552046,84.9582437242348
00-0039067,WR,KC,117.75862190049509,147.17230700022324,184.1449852986931,231.64453459711137,276.0264005368319
00-0039074,TE,LA,11.985232674641662,21.469965114463136,35.886925072946994,54.89691929005133,77.67517666071349
00-0039075,WR,LA,170.8092227978374,203.54641887315532,246.556574441831,306.4939862387548,371.1238724654161
00-0039139,RB,DET,207.11033043408256,241.07304739610527,274.446868079061,313.53950389996345,349.63500913395046
00-0039144,TE,GB,15.098960855985228,26.96718139931597,45.09944969425983,67.24823593223681,96.18892240390105
00-0039146,WR,GB,32.60687148466953,48.78096386558167,73.36491323560477,99.48969353487963,129.6649398012349
00-0039150,QB,CAR,161.7127112884884,183.42472606457488,205.0040110940044,229.29710078139004,253.2955380482722
00-0039163,QB,HOU,177.39708760363413,197.92506884162955,222.6669213050526,250.15743815167951,275.4892758208529
00-0039164,QB,IND,37.845843646125125,45.611545438879695,54.812624149519095,64.6535404784332,75.74215653255925
00-0039165,RB,SEA,45.66992162542359,55.31034514500456,69.11281873993727,85.79775817156232,103.43908494476804
00-0039266,RB,CIN,1.3147915228408071,2.866170313853498,5.909261056837186,10.791031277857806,16.439110414032097
00-0039299,RB,SEA,7.539473045627282,11.582471421143865,17.65174748707984,26.3046847331368,36.20739297552661
00-0039305,RB,NE,5.018300149960507,8.775182986963479,13.881919726837008,19.904870448803056,27.191386465409657
00-0039337,WR,NYG,100.96911869132263,124.47902920599088,159.2972092124351,195.9105332836996,238.41830984944224
00-0039338,TE,LV,108.95704732219694,133.78101505095302,167.7756518489577,208.16414723447969,250.43931719458996
00-0039342,WR,CAR,37.68237072263674,52.84181071295781,73.0537048991306,98.69052550811251,130.36797528657678
00-0039344,RB,CAR,77.49691994887014,92.11376949183582,111.70339352333131,134.99000995664724,160.19963524610338
00-0039355,WR,WAS,15.816678774263634,23.981754988721757,36.61340305774469,52.150735555156025,69.25678138333653
00-0039356,TE,CAR,21.64832779683748,31.75185324763252,47.03084602180753,66.22069807073206,89.71978697775442
00-0039359,TE,HOU,5.771830875579723,11.925064990229275,21.0772386879486,33.391313553985384,49.10677484597768
00-0039361,RB,TB,139.31734839115356,161.80813100705217,189.90661073877567,221.07894546527456,256.5406794508937
00-0039364,RB,DET,5.5649667970534935,8.384712337025517,13.430557797300436,19.50864240857716,28.53873447029609
00-0039373,RB,NO,12.119235770502003,19.61530324203713,29.31736009620187,41.84307790228205,57.491193727545046
00-0039376,QB,NO,19.7155629844753,25.361535275869752,33.90731205343127,44.50681815176652,54.717152563326806
00-0039379,WR,CLE,0.0,0.0,0.0,0.0,0.0
00-0039384,RB,NYG,81.51434724816228,97.1744077802904,117.42959522068668,140.45648098081386,161.21311547404963
00-0039391,RB,LAC,45.119596421339466,56.72405226817944,72.1895926694802,87.99772008296034,105.92768734547788
00-0039394,WR,ATL,0.0,0.0,6.0,16.17618796500244,32.52700487956326
00-0039397,WR,ARI,0.0,0.0,3.633371046224416,11.72046608541674,23.286685321658712
00-0039398,QB,DAL,3.596951480046098,6.076997695963857,10.724174711099174,16.5590368040684,22.29827926365
00-0039405,RB,HOU,17.107029230461745,24.726912338095204,33.42066656874832,43.12710710541375,52.66352758816762
00-0039407,RB,LV,2.8434107809335853,4.6881387413125575,7.932732965224218,12.950552776085468,18.85894085852217
00-0039410,WR,DAL,20.340437389631568,33.89186562894416,51.21044923688817,75.19918514934267,100.38800077638712
00-0039424,WR,NO,14.625697203810487,25.37784882186296,42.85540727006117,63.64032090343459,86.518904955467
00-0039451,WR,NYJ,6.5947965733927205,12.652218346752012,20.9021126358368,32.604987308889925,47.54708412774608
00-0039458,TE,CLE,0.0,1.59497938493738,6.19416936797786,14.003226799153794,24.21198811902049
00-0039489,TE,SF,0.0,0.0,1.6088492933191405,7.079681886452729,14.881579406806688
00-0039491,WR,CAR,35.13396428455791,49.838757134033685,70.74816947467889,94.530015493673,116.71139566073144
00-0039518,TE,NO,0.0,0.0,1.5536167189498529,6.851101177217002,15.622135931729629
00-0039521,WR,ARI,0.0,1.9012908130352308,7.118245764795416,18.173596703055665,33.267429047467246
00-0039530,TE,DAL,1.481815106904917,5.484580352333711,14.15190194698254,27.314065742244857,43.28109007937207
00-0039577,QB,ARI,1.0800870561820723,2.0759609610732284,5.008259991918727,9.8517051962713,16.093018174716022
00-0039589,WR,TB,0.0,1.4111955958929712,6.0,15.433447864054306,32.71607774568623
00-0039603,RB,HOU,2.3179895640236143,4.080763237629961,7.939710443707922,13.048173737310934,18.22337706378181
00-0039623,WR,NO,0.0,2.645959127649033,7.625257493236904,16.668845153104648,29.18480391390232
00-0039631,TE,CIN,0.0,0.0,3.741877718923292,12.202532905822888,25.1296900408942
00-0039648,TE,TEN,0.0,1.2150698297963798,4.848953420973229,13.110020793437627,24.631202267431885
00-0039650,WR,TEN,0.0,0.0,1.6179943843434708,5.729367763030655,10.945540568596144
00-0039686,TE,WAS,0.0,1.0739180358255322,3.757091401110837,10.226272943609263,17.375172313485827
00-0039732,QB,DEN,261.05420105934,282.06516950498434,309.7518792105128,340.67088645204853,366.6331837164701
00-0039737,TE,ARI,2.1684244892210014,5.640622198125646,13.29582384905232,24.23920653647779,40.160567334226265
00-0039738,RB,LA,67.86099783839482,81.14951723627001,100.84741131121694,122.36002384056717,145.3757282229312
00-0039739,WR,PIT,7.53625630615017,15.843720492452114,29.223387620991595,50.47306367280718,75.74792524828806
00-0039746,RB,PHI,3.0743287983149266,5.780939843060072,10.899463032293143,18.021877862820222,28.136325903900477
00-0039751,WR,LA,6.488486060251916,12.72477966795952,22.846034188981275,36.95434370348296,53.208066010374914
00-0039754,TE,TB,0.0,0.0,1.8719894057925,8.472423436139398,19.55234960630513
00-0039757,RB,NE,3.5580444264618536,5.612097396686989,10.015330587599571,15.417704085318691,21.76845117381871
00-0039792,WR,BAL,9.479711398092611,17.620940414646416,29.765122754035065,46.25344867275084,63.14098939626526
00-0039793,TE,SEA,45.799760443772456,59.326138739137605,76.81437052754706,97.7219847381933,123.30007179175274
00-0039794,RB,NYJ,45.05648462023097,57.11934545381592,71.95322655662996,88.61737767085285,108.26846704927571
00-0039796,RB,BAL,9.759176938582025,15.47943257801273,23.57594998059693,32.244790818762645,42.41513514118388
00-0039798,RB,NYJ,22.779139287228084,32.417677732608794,45.03784319442177,59.01645529310522,73.60092193265812
00-0039811,RB,GB,71.73281320271533,87.72112226166507,110.7566863796936,135.00813977296914,159.1082475656074
00-0039816,WR,IND,1.009548528998471,3.387277790888524,8.525263682776071,17.77694215953723,30.595231255970702
00-0039824,TE,KC,0.0,0.9288709888864728,3.957380832020011,11.129016501931575,20.69579726205806
00-0039847,TE,NYG,50.39965650238389,67.38468085164769,91.43609124755235,117.86436968155286,148.72383230289918
00-0039849,WR,ARI,65.91331457938958,91.22110881828982,120.6434209458209,161.8158433674065,203.21155458474848
00-0039851,QB,NE,256.3014885997686,281.16360391485085,309.1898641927377,337.70082782556824,367.2524548305995
00-0039855,WR,TB,40.58112496451644,57.50283472954843,82.76608982805047,112.01378230996949,143.02955197370812
00-0039868,WR,DEN,53.16368166472153,72.01275046775459,97.61895517602493,125.22220116239647,159.12003127259817
00-0039874,RB,MIA,44.66881742742165,53.46958473878458,66.68938853282836,81.24213949726006,96.51636106473948
00-0039875,RB,BUF,40.649911404052176,53.86974942345685,70.27849349651798,92.86384600077446,114.4261688382578
00-0039880,WR,MIA,31.77602936391128,45.77551970486972,66.03406714732557,87.53901938178763,111.30005774112308
00-0039884,WR,MIA,0.0,1.594762759135493,6.231302752615871,15.60776090559276,27.447609314813032
00-0039890,WR,NYJ,37.41942056645308,52.42137003924391,69.75114105732749,92.88714485092196,117.94435883468434
00-0039893,WR,JAX,87.412654415311,108.33461874527369,135.08466310425447,168.20769286506558,210.47859954389045
00-0039894,WR,KC,53.08501844220191,70.55614935844707,95.96494852820469,122.87901331451975,152.18887071452602
00-0039901,WR,BUF,54.56744588211295,73.77775228856412,100.95737215496844,135.01513920972866,174.28581709672454
00-0039910,QB,WAS,181.5884411953087,200.7729422658609,224.57688244444088,251.15111134307529,274.5903697491554
00-0039912,TE,WAS,1.3388389413541646,3.885900748520687,10.101701312426448,19.76549746427083,31.39358044300087
00-0039915,WR,LAC,88.1848204429883,109.55082088319526,140.1810730814534,178.64301786987983,220.7752273618861
00-0039916,WR,SF,0.0,0.0,0.0,0.0,0.0
00-0039917,QB,ATL,155.14683663977928,174.62109963799753,198.49276905612635,221.0668206932628,245.3238132470238
00-0039918,QB,CHI,222.3113519555827,244.5201632200537,271.430457560746,300.7737021466497,328.4240023688009
00-0039919,WR,CHI,95.0331738394058,121.4753685468226,152.04012700750295,194.28822057511533,234.0323430112404
00-0039920,WR,CLE,0.0,1.303784372265959,4.993973841786265,13.450163195782851,25.722928065294656
00-0039921,RB,ARI,17.509441394212526,24.88948102333899,35.57153320562312,51.66343569868284,68.28077491342182
00-0039923,QB,MIN,6.5968246501386245,10.317233369369797,15.29931532913875,22.10996955285252,29.8073124335248
00-0040009,WR,GB,0.0,1.871929676632583,7.0752207621888825,17.245232326886082,31.418972044380123
00-0040021,RB,DAL,34.82203928823932,45.899775603501865,60.92405792488853,81.09457924757902,98.29775061711906
00-0040024,WR,PHI,0.0,1.420580054307643,5.62187889163922,15.063696944078664,28.393772759195937
00-0040039,RB,LAC,1.459603657941882,3.260772115758868,6.689163815071435,12.976242849827702,20.970579050579865
00-0040058,TE,SEA,0.0,0.852134630136468,2.352403986471878,6.105075971911414,11.829506905593323
00-0040067,RB,SEA,3.894673604378821,7.209914426560603,12.96941119549049,20.253102605586527,28.978643334718072
00-0040075,WR,BAL,0.0,1.5795484804992936,5.871718481732458,13.074362014695014,22.958884094940345
00-0040078,RB,KC,16.671294217725247,25.357394217746386,34.844328304342284,47.38949818486491,60.3088684417235
00-0040120,WR,KC,0.0,1.7595655251564186,6.926702444349008,16.328830828743836,27.589231217592467
00-0040122,RB,LV,158.89043473606318,178.62790790039435,202.9250389350375,233.28362971201733,264.0863142568208
00-0040124,WR,CAR,118.3640673525026,148.8865941860846,184.4598082965692,231.3606438561934,276.0379079933952
00-0040126,TE,CHI,75.74168855585769,95.47957638941487,122.12993040495245,154.60678362734063,191.1558914406028
00-0040128,TE,IND,138.60089472959143,166.49025909186352,201.34213269443825,243.79171857438308,291.95199784796927
00-0040129,WR,TB,85.71323425196323,111.41360139498944,144.44763859491528,184.54633369993468,231.7347434924788
00-0040130,WR,HOU,50.47720089742654,65.86932269977112,89.90146851077589,112.78206124176364,138.4395012503534
00-0040131,WR,NE,17.466721364972635,26.47546936043905,38.99316400835494,57.7661024508294,75.12555832480417
00-0040134,WR,DEN,19.334703883581536,31.29881428249651,46.92150961951219,69.84427801571334,96.1160004051091
00-0040138,WR,HOU,29.05783291984531,40.40663836969863,56.80037660599544,77.81360546394119,100.0185518610294
00-0040142,RB,PIT,3.1708289931573725,5.416049797607736,9.208984782439073,15.582401236455784,21.41499525114308
00-0040154,WR,MIN,0.0,2.043780015532054,8.245115361667528,20.400969917441945,38.439180944684985
00-0040162,RB,CLE,51.10040525452534,64.47495309591383,81.20505168817641,102.02250898584164,122.8414044250612
00-0040164,WR,WAS,9.417335071426972,16.26235502956224,27.29325513049552,39.02118750253052,55.46299353152076
00-0040170,WR,TEN,29.48289730204449,40.05100487110377,56.35659910859681,76.73276337150719,101.7181534040492
00-0040172,WR,SF,0.0,2.975352747453889,9.522534939614044,17.885479773073182,30.34512369697864
00-0040177,RB,SF,33.06558920392059,43.11239658657327,56.7502873592469,70.86127530040227,87.20370393278507
00-0040179,RB,IND,36.80807606080198,47.78405517177799,59.80835525415732,76.07668130922606,92.48461148657196
00-0040184,WR,LAC,1.601544959089087,4.605216729795538,11.681391010400016,21.37595762921655,33.405298155708216
00-0040187,TE,CAR,15.84523058101186,24.815360972668014,37.95029249537814,55.27395975176702,71.88396324534386
00-0040189,TE,LAC,51.96053179628363,70.36183803486702,94.75824554100136,124.74750608294298,156.6284733877975
00-0040194,TE,BUF,2.015435993097211,7.228621933145557,17.577220328837484,36.88325805022175,62.17553698187347
00-0040198,RB,MIA,20.29486162625861,27.704487062261517,37.774108198527614,48.51070601873552,59.783922162775845
00-0040202,RB,NO,15.801175921367795,23.697228948770107,34.35100567647464,49.12207428806144,66.21755831298576
00-0040205,RB,TEN,0.5950649894543378,1.4794517186707996,3.288641586637354,8.413029975510824,13.86643732133661
00-0040206,QB,IND,12.731029978326507,18.4815936112213,25.71215309295044,34.33993909507902,43.552678469684295
00-0040208,RB,CIN,4.757908208156606,8.731051748180985,14.490742716270796,22.53781603789679,30.932599485735587
00-0040218,WR,CAR,0.0,2.267082461750811,8.54632440249183,18.34849204709622,31.529667997975366
00-0040225,TE,NYG,0.0,1.7301750682556674,5.865711522661133,12.599821103234564,21.67415380151872
00-0040234,QB,MIA,15.23158239722012,22.82590645422802,31.22112561976484,41.39553077759471,51.292984552080256
00-0040236,RB,CHI,77.52886297979403,92.37117277394069,110.22903145486823,132.56809008529984,151.97871262301337
00-0040237,WR,TB,19.891222799757287,31.713734089264648,48.96366874696004,74.17579574246093,97.87443682137268
00-0040238,RB,JAX,11.765183921898991,17.45794870519977,26.254859509279463,35.66431298248313,46.70948921438482
00-0040241,WR,DET,0.0,1.8575668765966145,6.638276477541595,15.599071493343374,27.76037228302444
00-0040242,RB,WAS,79.18855463049178,93.180483786177,112.57467482462356,131.09005196694272,156.4488450818017
00-0040244,TE,NO,0.0,1.989786897471574,6.613535487135844,15.374277236991656,29.097327937519697
00-0040259,WR,CLE,2.384915782189866,5.072323846977751,11.13821017588032,20.811898290299123,31.86596097616265
00-0040277,WR,CHI,2.1078707856680308,6.509056672632947,15.412645031548152,29.04080289074384,44.56204361627265
00-0040311,WR,MIA,33.06613946168229,49.94696926374695,72.5027840067645,103.97832530290418,135.1068206907255
00-0040317,WR,WAS,0.0,2.3685581223310264,6.86204040989386,13.487829138722374,22.323243387288876
00-0040352,WR,IND,1.567967591476198,4.4416891032907415,9.86442433436664,20.362624144895207,32.84574715521048
00-0040363,TE,BUF,0.0,0.0,2.4915646809797165,8.906301823593767,21.61987261235185
00-0040387,TE,DET,0.0,1.9830156368313931,5.748297269268218,13.691571063377369,24.52017946439296
00-0040388,WR,GB,10.45834795139599,21.192082468642543,37.97569296926078,61.340118484132425,86.37226570839101
00-0040390,WR,DET,0.0,0.0,3.0655164710662324,9.301128041414296,20.42952224423649
00-0040398,QB,NYJ,8.8872633056148,13.820718154620218,21.21282143327657,30.70951252425169,39.34457330021254
00-0040406,WR,NYJ,2.1646923514857583,7.17844995390705,15.110215923206564,27.981342927424723,44.70478739829701
00-0040429,RB,TB,1.0746588163739126,2.489938114005779,6.232323128495706,12.784716505344754,20.71871411605169
00-0040431,WR,NYG,0.0,0.0,3.260508012774199,9.259784684286824,17.394660067768665
00-0040432,WR,NYG,0.0,1.573083404342115,5.386282090841037,13.004613134437347,25.68601942408947
00-0040466,RB,CLE,11.18600691114466,18.454883033267617,27.725787516534098,40.56173688957894,53.54711734344486
00-0040476,RB,IND,2.369814030960629,4.390852076236105,8.80369411106702,15.148075870101614,23.06784479468514
00-0040488,TE,LV,0.0,1.403832305417385,6.0,14.28352670722702,25.07095210261584
00-0040494,QB,MIN,1.7486409355905728,3.2028109323681067,7.960023566853152,13.628203489233062,20.61990406835096
00-0040506,WR,MIN,0.0,1.4197942308995548,6.0,16.350275525628792,32.13453259027419
00-0040509,TE,MIN,0.0,1.2429626730762124,5.177860185134888,14.529971748648308,30.4674328648652
00-0040522,WR,TEN,1.5137800012902138,4.915659000322489,12.80594471025188,26.0244634667386,41.19267756272845
00-0040534,WR,CIN,0.0,2.499627429062304,8.165546458392697,19.73553145664344,34.00942709601831
00-0040547,RB,ATL,1.974850057285768,4.289380956534779,9.592287746813383,17.20070226754605,27.85931658605344
00-0040556,RB,ARI,1.5059178551671364,4.994964626710118,12.42957130553842,23.44166809496901,37.927211784290286
00-0040563,WR,NE,1.663335169182538,4.238622284193949,9.32756982227036,18.04718691243697,30.399711904955392
00-0040566,TE,NE,0.0,1.3099311368582152,4.2373897541589045,11.063587553451931,18.739204006137545
00-0040581,WR,LV,11.947834749276376,20.357561743988008,32.16069050748209,48.36401706392608,66.57500596156709
00-0040582,WR,NYJ,1.0962978484488473,2.9578664550385776,9.376914370574376,18.859176567815474,30.097916755656737
00-0040583,RB,HOU,93.71624375511972,110.9340384559146,132.07431955389382,153.64416144733391,177.15874953243846
00-0040584,TE,TEN,21.825545885581363,32.72512169967993,47.50559761888098,67.30662075633037,88.00000897302796
00-0040586,RB,DAL,45.52323119441314,56.30071108826206,72.42308174634589,89.99008353840895,108.08247402760864
00-0040590,WR,LA,8.708902366856353,15.811636007898365,27.21695571986606,40.58018802734277,59.15231400736058
00-0040628,TE,GB,2.977809305871872,9.042961951490998,19.69282869983099,38.57145804761871,59.68806450076263
00-0040629,WR,LAC,0.0,1.7816114292229788,6.435008501566687,15.75840192619374,29.40651893092999
00-0040644,RB,CAR,8.82190738929076,13.177631057528073,19.935144274643243,29.500009742688807,39.55676273134816
00-0040646,WR,KC,0.0,2.732423522481171,8.847481513006484,18.21359798600266,30.705048991630985
00-0040648,WR,SEA,20.70508336234139,30.681616355450757,44.52549492736439,61.57739667899783,80.17179603555122
00-0040649,RB,SEA,0.0,0.0,0.0,0.0,6.0
00-0040653,WR,SEA,0.0,1.3999018207244327,4.555259159977316,10.641075098695447,19.029443827590026
00-0040663,TE,CLE,108.71870942880464,132.29556898201773,163.95929470701006,202.30854882925652,241.5922823994414
00-0040666,RB,LAC,109.5466668648139,127.60520093744871,148.4599318032351,176.08576493917155,200.0997112728836
00-0040667,WR,GB,45.56005634706046,62.306473501272905,83.21831566826975,113.32967286545484,148.3406109766928
00-0040668,QB,CLE,163.34763248813846,181.67646331569551,205.4617123827314,229.58665124125145,253.80823079301973
00-0040669,WR,DET,13.678879351523152,22.240132914160235,35.98556052020744,53.56575150372992,77.90373440933243
00-0040673,QB,SEA,4.029945058629672,7.781214133538678,13.177668845952098,20.85861422389061,29.626028763424543
00-0040676,QB,TEN,171.24910544811726,189.0533949577994,212.0807010244743,236.50270398455245,265.0317172642021
00-0040691,QB,NYG,194.4709999629994,215.2972959557722,237.22699654143636,264.9519546225341,291.8359035082498
00-0040704,QB,CLE,20.81401527465844,26.898140280586496,33.83218013572633,42.48567056165551,50.32664681214448
00-0040705,WR,TEN,23.01841904064823,34.19473179186343,49.42716181584101,70.25908211121462,92.46395926035676
00-0040715,RB,NYG,137.52787017521032,160.12514564219325,186.01438372993283,216.85472802746503,247.33557064530405
00-0040718,WR,JAX,36.66089933758333,51.98325070262287,71.20260052521041,94.33100426718218,125.68375917859976
00-0040719,RB,JAX,76.61943093298271,88.8113021179796,108.08712809673617,128.93585616107646,150.97569941379007
00-0040727,WR,LAC,22.318350169295563,33.91085737413907,50.78249611571028,71.67465444871775,98.17934791183524
00-0040729,WR,LV,12.741363784241171,20.755298166601847,34.58756121776526,52.78524496820551,74.18794009746603
00-0040730,RB,DEN,84.12193184194196,100.94230147455823,120.60225900500922,147.00116970153186,168.3834211261181
00-0040734,RB,NE,92.98082511891056,109.22958625286758,130.22473833183386,151.90381601680278,176.59049200510975
00-0040735,WR,CHI,50.23479390756077,68.88156245334969,93.22350129093796,125.182835282953,158.3470969261201
00-0040736,TE,NYJ,52.348640947084974,70.61976692565895,96.490993711567,126.54042227489865,163.65711179357584
00-0040737,TE,LA,16.461418019569965,26.60191772649375,42.39669580131468,65.14255258959072,86.23586328931488
00-0040739,TE,SEA,20.74128664182261,30.667234577900352,42.41573538799353,59.522503006500415,77.78751648954875
00-0040743,QB,NO,166.110790873547,185.5909776885994,209.327251239316,235.02941160670463,258.93941770380144
00-0040782,WR,CLE,30.65805049908349,45.55590161244725,64.19586989252892,85.72325675542825,112.5963780320319
00-0040784,RB,CLE,132.77677812192744,154.2705106238992,176.86070288194503,202.60296434518943,228.55492970444297
00-0040785,WR,CIN,0.0,0.0,0.0,1.867811871970663,6.627463090785311
00-0040788,WR,NO,0.0,0.0,0.0,5.195063334835467,13.051629561817329
00-0040853,TE,IND,0.0,0.0,0.0,3.5181236880060567,9.455423998791652
00-0040867,WR,PHI,56.92888171979516,77.54467695305061,108.43548308243687,142.81542679596717,178.73784933062973
00-0040870,WR,BAL,28.82407837282537,42.41594349752143,58.68347735675095,79.23106469815863,102.81500919467784
00-0040876,WR,BAL,17.80470583331699,27.13327076676473,40.31889806839343,57.492837762354135,82.75088321153923
00-0040878,RB,LV,31.65561558211287,40.55507280134793,52.29406798067632,68.30767689779746,84.08764579264552
00-0040879,TE,BAL,8.314232012824425,15.511792111202606,25.679711336273066,39.33878331308085,55.076871538601104
00-0040886,RB,TEN,3.0475176718873778,6.199448746634198,11.216425560784884,18.14332618726162,26.1255462694195
00-0040887,TE,BAL,3.6599062951612855,8.307437678927522,16.64565950689007,29.904650313916136,45.09379285273308
00-0040888,RB,BAL,7.674329209467964,11.914643887111254,18.04938254925338,26.178800966389403,35.34095951683592
00-0040890,WR,KC,6.43327929463119,12.663321050139626,23.52046685462762,38.246811662703145,55.23949804945755
00-0040891,QB,PHI,0.477575593055991,1.1135928264282609,2.537797614733216,6.54266212680202,11.39448913036369
00-0040894,WR,LV,0.0,2.9094399098124124,8.549569605872279,18.490284036091616,32.59763043714563
00-0040895,WR,SEA,0.0,0.0,3.243827984628494,8.960897454311326,17.173288917009437
00-0040900,WR,DAL,0.0,0.0,1.6234589758986304,6.1662948028014215,14.78870259663553
00-0040901,TE,TEN,0.0,1.178298015602568,6.0,16.32721852110602,30.39770503056617
00-0040906,QB,KC,0.0,0.4772671561587578,1.0060737972638234,2.067715498628577,6.678716853255895
00-0040912,WR,TEN,0.0,0.0,2.725289699739076,8.7759547780508,17.75055691596465
00-0040919,WR,TEN,0.0,0.0,2.1560358083606608,7.423792119721423,15.165766615860363
00-0040927,TE,PHI,0.0,0.0,0.0,1.551967580151692,6.625982505005193
00-0040930,WR,DAL,0.0,0.0,0.0,1.7994869870390444,7.070080295875929
00-0040934,WR,DAL,0.0,0.0,0.0,1.6930856190614318,6.860041285180531
00-0040937,RB,DAL,0.0,0.5513194251785273,2.09211102679672,5.218469615011886,10.531707867434248
00-0040938,TE,DAL,0.0,0.0,0.0,0.0,3.967293704868305
00-0040939,TE,DAL,0.0,0.0,0.0,0.0,6.0
00-0040942,QB,GB,0.0,0.6489052181047696,1.5121072484278422,4.491844181547549,8.124062023215615
00-0040945,TE,GB,0.0,0.0,0.0,2.60295921962162,10.001278109349768
00-0040946,RB,GB,3.779259953000051,6.933974066615557,12.30209090336554,19.889269749298677,29.69715773082221
00-0040948,WR,GB,0.0,0.0,3.51221135195755,10.483752071617287,19.857416831474275
00-0040953,WR,KC,0.0,0.0,3.617152202715841,8.87648974741219,18.989618282495293
00-0040954,WR,KC,0.0,0.0,3.2317030580745394,10.148235305431456,19.04746226329841
00-0040955,TE,KC,0.0,0.0,0.0,0.0,0.0
00-0040959,RB,KC,4.532452692679684,7.3219934259158785,12.326686561212217,19.398566467671877,27.66786860206187
00-0040964,RB,KC,4.538883118205725,7.651326771043528,12.653577514069427,19.41886583202116,27.097972450703583
00-0040967,WR,KC,0.0,0.0,3.6748379392474986,9.80153838641854,18.7111419397892
00-0040970,WR,MIN,0.0,0.0,0.0,3.363735749455776,11.703531386988065
00-0040974,TE,SEA,0.0,0.0,0.0,0.0,4.335942333967199
00-0040977,WR,BAL,0.0,0.0,4.212064096366615,9.53577973618476,17.29786543862553
00-0040981,QB,BAL,0.0,0.701366722623838,1.739898123721269,4.7234029174710095,8.92131418578862
00-0040984,RB,BAL,1.1574231365858638,2.5092546788518133,5.25757715863417,9.685731608745913,15.273061262497984
00-0040985,QB,BAL,0.0,0.6010852429758404,1.7387358293086634,4.751074588492985,8.35606953679057
00-0040986,WR,BAL,0.0,1.1306318819047374,3.911501691960942,10.132823895104876,19.015158025618124
00-0040989,WR,BAL,0.0,1.080729932383159,3.953353854227045,9.67326614667574,18.14676470781548
00-0040991,RB,BAL,1.4161063331950463,2.9391190106071363,5.76421917670425,10.36483803321541,15.693832147818153
00-0040996,QB,LV,0.4241270751352257,0.8918960331878963,1.574172509637434,3.403496480954844,7.291551950568292
00-0040998,RB,LV,3.640613523288495,6.4134324701256284,11.398734340703722,17.73461410805683,26.709262864504275
00-0041004,WR,LV,0.0,0.0,1.67171289751426,6.0,14.37077429395524
00-0041005,WR,LV,0.0,0.0,1.5238539087894745,6.0,13.368454626794335
00-0041011,WR,LV,0.0,0.0,1.4688934827480349,6.0,13.450655979888875
00-0041013,RB,KC,27.05691907709589,35.68953520377921,47.32250851778597,61.98713154505033,79.69202589500874
00-0041016,TE,LV,0.0,0.0,0.0,1.173279003227222,6.069650770395848
00-0041020,WR,KC,0.0,0.0,3.527578292560194,9.312821289532062,17.394305033768426
00-0041022,WR,LV,0.0,0.0,1.6774863890410174,6.0,13.44704218321171
00-0041027,RB,ARI,171.29560680663937,196.0334467125479,227.95618402361612,266.2737712763489,304.90529431121763
00-0041029,WR,NO,52.10189386479196,74.85053006778324,101.49839974699462,131.72046489162534,167.02899785364477
00-0041032,TE,NYJ,25.91044054994313,35.90516133532934,51.613801662005,73.94425602367437,95.9119299149097
00-0041035,WR,SF,60.95869917080421,77.80091610375307,100.5469014315085,129.98075062578238,158.86839660312577
00-0041037,WR,CLE,32.38501693943413,45.408998459513214,62.70960190254444,86.77864057424833,112.9767003685085
00-0041040,WR,WAS,25.550824466212056,36.72537236343101,53.91207307060448,74.38840032174434,97.09771270528252
00-0041041,TE,NO,6.645868435690762,13.19972364656455,25.362987464149157,42.23704647258291,60.8700819404456
00-0041042,WR,NYG,22.25691158427015,33.544930549314955,50.0065247414698,72.43580289640134,96.3931223930437
00-0041044,WR,ATL,21.99954361866561,35.59991845332935,55.00622760875805,83.81459674836543,112.49303967302968
00-0041047,WR,CAR,11.018985358340435,18.63644842202273,31.246658005855807,47.20786297939144,68.0558548381687
00-0041048,WR,TB,21.63209697618618,34.18090444793552,49.92127527876548,70.94490460708234,99.42495059163518
00-0041051,WR,CHI,25.87520771745185,38.1244338921129,54.73497767355137,78.02638487450352,101.92205938612408
00-0041052,RB,SF,28.800371989477053,38.8989131092287,50.66848336212885,66.6897584063671,81.54242081239518
00-0041056,QB,NYJ,6.895053478207012,11.093853277424945,16.769259786934235,24.479380180531862,32.640952082520414
00-0041067,WR,NO,2.339263351427932,7.180591490228307,15.437818838641302,30.40859668486476,47.61454599557424
00-0041069,WR,CIN,0.0,1.926578250253124,7.728347058278555,17.909477571384976,32.13287202383766
00-0041070,WR,ARI,3.327482567178514,8.768349121802245,17.85448371674657,32.5959926994997,49.74182082132253
00-0041077,TE,DEN,0.0,0.0,3.107817449652312,10.89752692301959,23.49955818713683
00-0041081,TE,MIN,0.0,1.294192069507986,5.959994787196686,16.9581493750906,30.85534257904363
00-0041084,TE,JAX,1.308369951018845,4.484782399631086,11.544759446246076,22.77019131251089,36.4202184501038
00-0041087,TE,CLE,1.6421070156226052,4.920538744282155,12.003768935140863,22.587872556600978,37.36599122034805
00-0041092,QB,CLE,0.9869086726118264,2.110755975824281,4.560311213040398,8.222163420537282,12.63364779181504
00-0041094,TE,TB,1.5606593611003508,5.2435239382247225,14.140597053897183,27.323076214917663,44.87558569053634
00-0041096,RB,WAS,19.481505107442,26.2056781960623,36.00462381717914,47.69133466072357,59.469042181632034
00-0041099,WR,NO,0.0,2.2557461846936926,8.321000820818215,18.434081304872432,32.097971368127844
00-0041100,WR,JAX,1.870988804444064,4.862254227701575,11.490063845135955,22.97513475500336,37.30143307171374
00-0041104,RB,MIN,1.6172893481285686,3.822414257047402,8.263100421337906,16.20486729667114,25.16578272454233
00-0041106,WR,JAX,1.1182483884534362,3.542570018131906,10.25697603090934,19.14687101034373,31.791274589468685
00-0041116,TE,CIN,0.0,0.0,0.0,6.0,14.34598874447698
00-0041117,QB,WAS,0.9412597491877857,2.1639001303874745,4.568219707993973,9.15122201929408,14.695672470851672
00-0041123,QB,NE,0.5834551804056441,1.5333977535231946,3.446960293242628,7.547837524478995,12.085668498644168
00-0041125,RB,IND,1.2792772391459697,3.038046987329073,6.250194355845856,11.65838402502446,17.893105905959583
00-0041129,RB,NE,1.2442025668068064,2.5957767709242283,5.577839564110191,10.166232889267182,15.526840013159116
00-0041131,TE,CLE,0.0,0.0,1.7022082901031874,8.775759254500691,20.0903411452372
00-0041132,WR,IND,0.0,2.426070995890387,7.626098762318776,15.91061647804352,25.91811176190217
00-0041133,TE,DEN,0.0,0.0,0.0,4.91149430489416,8.467852469060984
00-0041139,RB,NYG,0.0,0.5501148459575524,1.9976797719120225,5.418154990042465,10.166922229317809
00-0041149,QB,CAR,0.0,0.2838528184378064,0.7546337640220584,2.1368129118911616,6.094301267045386
00-0041152,WR,CAR,0.0,0.0,1.565310831736936,5.723687356561161,11.865094792936594
00-0041156,QB,MIA,1.3317425934605298,3.683924443243279,7.66109184228122,13.435415732733196,19.69121912199842
00-0041157,RB,MIA,0.3581658686706318,0.9942977005927324,2.676262163653825,6.148419328219626,10.367169823384192
00-0041158,WR,MIA,0.0,1.4522155276700903,4.517134359735097,10.616710934647,18.19437109248145
00-0041161,RB,MIA,0.2666306488952067,0.944669066243919,2.509679619599897,6.266953826038451,11.216215500929309
00-0041165,RB,CHI,0.2718013161288676,0.991345232675114,2.733838748746272,6.362646662740448,10.574099415564897
00-0041168,WR,CHI,0.0,0.0,3.720199409478936,9.716892609816624,17.79434508870014
00-0041170,TE,CHI,0.0,0.0,0.0,2.7642734953809383,8.994630345153126
00-0041172,QB,CHI,0.0,0.3000765555656858,0.6353044604762008,2.284347079391204,6.509065029686178
00-0041176,WR,WAS,0.0,0.0,2.84505562995368,8.085453346629704,15.842807999563876
00-0041178,RB,WAS,4.480839059386573,7.3768495913586065,12.202804874390392,18.19050197940635,25.38778154077117
00-0041179,WR,WAS,0.0,0.0,3.0654797819447444,8.353462257128356,16.056371533054172
00-0041180,TE,WAS,0.0,0.0,0.0,1.9099786268827856,6.32703238957508
00-0041185,WR,ATL,0.0,0.0,2.11581010078508,9.858912341881869,21.58251677960177
00-0041187,WR,ATL,0.0,0.0,0.0,0.0,0.0
00-0041191,RB,ATL,2.6778740518956896,5.71203255174389,11.950264695922575,19.676729607510296,30.825541480826068
00-0041194,QB,ATL,0.4481662206323302,1.1192469187721843,2.547266109101404,7.13719675443038,11.699050671841505
00-0041195,TE,ATL,0.0,0.0,0.0,1.4919050922883423,7.866930848143002
00-0041199,WR,NYJ,0.0,0.0,1.85044775220415,6.0,13.375611671369162
00-0041200,RB,NYJ,3.4694140904001243,5.970710128832977,10.135412788084562,16.57887719323176,23.769145037099964
00-0041201,WR,NYJ,0.0,0.0,1.778058015612067,6.925420474578193,13.854056941278992
00-0041203,QB,JAX,0.0,0.2464093913921046,0.6879499955011756,1.89465711488102,5.519591994574729
00-0041205,WR,JAX,0.0,0.0,1.8945767659910684,6.6157056913164975,15.277399678680158
00-0041206,WR,JAX,0.0,0.0,1.7539035482298335,6.10464959333604,15.093228285024312
00-0041207,TE,JAX,0.0,0.0,0.0,1.966578401288668,6.494252332191963
00-0041215,WR,JAX,0.0,0.0,1.7149186188836365,6.0,14.807783237376611
00-0041216,WR,JAX,0.0,0.0,2.052227846615415,6.760847638405188,14.674597110744836
00-0041217,RB,JAX,5.856455567355343,9.376379307300391,14.30392370770851,21.24426430723252,30.217019379176737
00-0041220,WR,JAX,0.0,0.0,1.6481405748078406,6.248102807235153,13.36341207835653
00-0041221,RB,BUF,0.0,0.5219229434583331,2.303062265728169,6.024863122226732,11.277466665556188
00-0041222,WR,BUF,0.0,0.0,0.0,2.379636071643432,7.86133776222529
00-0041228,WR,IND,0.0,1.6015044547272037,5.787583111838128,11.93958843870758,23.54325487426268
00-0041229,WR,IND,0.0,1.590015311115106,4.822365013704843,11.691954979152133,21.8669479640224
00-0041231,RB,IND,0.4394287124070763,1.424383797198426,3.646336903489801,7.779388155941115,12.754657831036072
00-0041233,WR,IND,0.0,1.353132857976279,4.709805786428992,11.149387994080106,20.717649102010128
00-0041237,TE,NYJ,0.0,0.0,0.0,1.427932002099056,6.0
00-0041239,RB,NYJ,3.333238194878783,5.5415944604663325,10.283570591344644,16.462589508048616,23.836304234273936
00-0041241,RB,CIN,0.2080258498110354,0.965935243868206,2.7882396169888564,6.619556588985326,11.91622699461835
00-0041244,RB,CIN,0.0,0.9578979250759884,2.5865177219311573,6.595624197298205,11.797606993992153
00-0041246,TE,CIN,0.0,0.0,0.0,0.0,6.0
00-0041248,WR,CIN,0.0,0.0,0.0,2.1415659965538576,7.3163268636147345
00-0041251,QB,TB,0.0,0.0,0.4924657063171414,1.7485750304553551,6.586352540138293
00-0041252,TE,TB,0.0,0.0,0.0,1.7989211708474755,7.263353251352721
00-0041257,WR,TB,0.0,0.0,2.438345405083153,8.228051579760498,18.915808796506536
00-0041263,TE,PIT,0.0,0.0,0.0,2.8805259943493207,8.034537603709179
00-0041265,WR,CHI,0.0,0.0,3.460300314268961,9.410831014916049,19.214391947736644
00-0041266,WR,ATL,0.0,0.0,2.2803706986866388,9.305122430012627,19.77879173795839
00-0041267,WR,NYJ,0.0,0.0,1.7380652590966306,6.597182356307315,13.693412039151132
00-0041272,WR,BUF,0.0,0.0,0.0,1.849380713652478,7.928342671478992
00-0041273,RB,BUF,0.0,0.483915805545156,2.241283270022664,6.58722340425246,12.947066136541132
00-0041277,RB,CLE,0.4891581059115697,1.5231433069237827,3.2975342813434314,7.205411792158929,11.398429772093404
00-0041281,RB,CLE,0.4340427673374319,1.339006266673472,3.393505420536729,7.249619251004221,12.055715111276738
00-0041287,WR,CLE,0.0,0.0,2.147784086417915,7.415227935159151,15.670342622482648
00-0041292,WR,DEN,0.0,0.0,0.0,1.5283863155126338,6.0
00-0041293,WR,DEN,0.0,0.0,0.0,1.5467436601877431,6.0
00-0041294,WR,DEN,0.0,0.0,0.0,1.230171174008073,6.0
00-0041299,WR,DEN,0.0,0.0,0.0,1.528785807437928,6.0
00-0041307,RB,HOU,0.0,0.0,0.0,0.0,0.0
00-0041308,WR,HOU,0.0,0.0,2.2689929346230966,6.867813412074427,12.824347867834453
00-0041309,WR,HOU,0.0,0.0,1.9525554719846692,6.7647166266317775,14.52307212047488
00-0041311,WR,NYJ,0.0,0.0,1.825241497220846,6.1268811901176745,15.24725522566882
00-0041312,RB,HOU,5.189061228316296,8.049446958642806,13.424961960340752,19.656527603923134,27.19673853660085
00-0041314,TE,NE,0.0,0.0,0.0,2.514871162639386,7.615918159049715
00-0041317,WR,NE,0.0,0.0,3.4349231306333907,8.782401513517367,15.85515217136007
00-0041318,WR,NE,0.0,1.0954581419273517,3.4625474156216582,8.073416062474191,15.940999781586912
00-0041319,WR,NE,0.0,0.0,3.665750712940473,8.26093060544236,16.06807551308217
00-0041322,WR,NE,0.0,0.0,0.0,0.0,0.0
00-0041323,RB,NE,0.0,0.0,0.0,0.0,0.0
00-0041326,RB,NO,0.7956311227512888,2.079773491350154,4.661396401334528,10.434042566296151,16.823014251667086
00-0041327,TE,NO,0.0,0.0,0.0,0.0,6.0
00-0041342,WR,MIN,0.0,0.0,0.0,3.37819919502357,10.49371040940714
00-0041350,RB,MIN,0.0,0.5424081609000516,2.147816548341273,6.102102631738083,11.995466924429698
00-0041352,WR,MIN,0.0,0.0,0.0,3.564618189747425,11.391697216199365
00-0041356,WR,MIN,0.0,0.0,0.0,4.63538610092237,14.137243329897036
00-0041357,TE,SF,0.0,0.0,0.0,2.7732418344274623,8.995011557665363
00-0041359,WR,SF,0.0,1.1359550965844187,3.822881458972336,9.303527119708535,17.046467379051208
00-0041361,WR,SF,0.0,1.20274294274214,4.051133168746272,9.966878763255137,18.21221974881866
00-0041366,TE,ARI,0.0,0.0,0.0,0.0,0.0
00-0041368,WR,ARI,0.0,0.0,1.4561746345844249,6.0,13.115706751708355
00-0041373,WR,LAC,0.0,0.0,2.8946364537133364,9.124257064606692,17.472625718273637
00-0041374,WR,LAC,0.0,0.0,2.9007390262627304,8.98570003384646,17.486245914781517
00-0041376,RB,LAC,0.0,0.7458018510672385,2.148492296730141,5.857356424246263,10.66316356440226
00-0041380,WR,LAC,0.0,0.0,3.199237159795337,9.113394992397884,18.30440819658797
00-0041384,TE,LAC,0.0,0.0,0.0,2.710745209126732,7.772174801078552
00-0041395,TE,NE,13.24746297987145,22.83961563242364,34.54332432425966,50.195918065958935,67.22471185388987
00-0041397,WR,PIT,14.630007221514758,23.61471784644327,37.64860633937322,54.80592118824833,75.56307465845474
00-0041398,TE,PIT,3.468211441030418,9.144936606180218,17.594237056601074,31.63061348699133,49.07611918068285
00-0041399,WR,LA,0.0,0.0,2.6304485499410437,9.154529440240696,18.52646170149696
00-0041403,TE,LA,0.0,0.0,0.0,0.0,4.6071537592038565
00-0041407,WR,CHI,0.0,0.0,0.0,0.0,0.0
00-0041414,QB,LA,0.0,0.0,0.3638971267107358,0.7460839071602454,4.0
00-0041415,RB,LA,0.0,0.9485432798054558,2.6085633543881768,6.084095011366096,11.355524671523405
00-0041422,TE,LA,0.0,0.0,0.0,0.0,3.896260768041535
00-0041433,RB,TB,3.500365908222386,6.396219362136288,10.81077641726548,19.094748128435747,27.406182443757366
00-0041435,WR,TB,0.0,0.0,2.174608685931095,8.326496624180326,16.92995434464638
00-0041436,RB,MIA,0.317704681998391,1.0304935191661655,2.558267646453446,6.255676580112105,10.785220714668824
00-0041438,WR,TEN,98.82355033463853,122.07415480465704,158.0254157406138,200.5976744648515,238.66443454534448
00-0041443,WR,BUF,0.0,3.459499296557412,10.447233481437811,21.764702352482303,40.13969405824856
00-0041446,WR,DET,0.0,3.208155399880188,9.342890930088704,18.83869285991306,31.931077067977604
00-0041451,WR,NO,0.0,0.0,0.0,0.0,0.0
00-0041452,TE,LAC,0.0,0.0,0.0,2.94002765558547,8.687129096171383
00-0041453,QB,DET,0.0,0.0,0.395280851396932,0.8762706763702951,4.478348709660219
00-0041457,TE,DET,0.0,0.0,0.0,0.0,4.5293275732738
00-0041467,WR,HOU,1.336888594234286,3.776142010478876,8.748870822995748,17.44080829496497,28.855316511349383
00-0041472,TE,HOU,15.190692507453486,24.72603362866563,37.39389377843878,53.68481658653489,73.10222870618327
00-0041474,WR,LAC,0.0,0.0,3.4582242564564574,9.170529048082813,17.9492357579651
00-0041475,WR,MIN,0.0,0.0,0.0,3.7385742778427815,11.665259740855326
00-0041476,WR,SEA,0.0,0.0,0.0,1.995004853132932,6.14593035007323
00-0041481,WR,MIN,0.0,0.0,0.0,3.3213447897101256,9.609542973033934
00-0041483,TE,PHI,20.090515603993783,34.65550496955395,55.57731649894224,79.64708594628354,108.9865583326641
00-0041485,RB,CAR,4.840113245294268,8.354466634053491,13.152508114484744,21.056121706377372,29.748846657789077
00-0041486,RB,IND,0.402762258247102,1.3062340515240594,3.139513256459806,7.453933287997733,13.420717332152464
00-0041489,WR,PIT,41.94491014277249,57.19588918639652,78.76937712480098,106.28460064333954,134.92059805358744
00-0041491,WR,CLE,0.0,0.0,1.9424598119307444,6.390675750044171,13.583069705938351
00-0041496,RB,DEN,6.733135580523447,12.20838047114286,19.988779775465133,31.71662877102085,44.5546706060255
00-0041503,TE,JAX,15.58192515362676,24.41329649589223,38.42361169316577,56.94634591798896,77.33736051554244
00-0041510,TE,LA,2.9588282989811927,6.646841846683148,15.02516116119286,28.61336397788266,42.143475299031145
00-0041511,WR,NYJ,45.212426935614985,62.7299659339246,85.35116506156201,113.64028070797168,145.21820258382783
00-0041512,RB,SEA,114.53810283520332,132.8007165449037,154.8212399626138,181.61988063950125,207.91481400008
00-0041516,WR,DAL,0.0,0.0,0.0,1.6356197476997298,6.0
00-0041523,WR,MIA,53.39143345826525,69.32067591630171,89.83242731166385,117.07792708284268,147.09034638081332
00-0041524,TE,MIA,22.41779324548317,33.540327311854256,47.72545843593694,68.29962172936158,89.71489170653734
00-0041525,WR,MIA,26.74270595729646,38.37478791314888,56.18535481607687,77.81553624192625,101.86552482811705
00-0041529,WR,MIA,8.137773950755179,14.736408573681146,25.06348324412394,37.62465471701283,53.395915147484914
00-0041535,TE,HOU,0.0,0.0,0.0,1.310347472509502,6.0
00-0041536,WR,DET,0.0,0.0,0.0,4.1468903517387385,10.959585123556158
00-0041542,WR,CAR,0.0,0.0,1.4729847063515893,5.079886075413331,11.540640789939818
00-0041547,WR,CLE,52.48437662890634,68.22648124591754,91.95969561660424,119.4157567828476,155.72671312900863
00-0041550,WR,LAC,18.823439694850347,29.848708176613243,45.6234759956556,65.2922056673379,88.58735550425409
00-0041558,TE,CHI,22.803249958172948,34.557524705105024,53.24945395693115,76.30922113703633,99.84832293700798
00-0041561,QB,ARI,10.904127333484674,16.098500770139626,23.055845102541152,31.96832023314009,41.60644825264784
00-0041562,QB,LV,52.64491130883573,63.30846927940028,76.09468068882393,90.46284842545136,105.2164217768451
00-0041565,QB,PIT,2.1004486504005198,3.327960500289748,6.439084229689573,11.146216658535472,16.42766011918195
00-0041568,QB,LA,8.246911381444544,12.129397887322712,17.962507136802678,25.682069957002252,34.50214200897328
00-0041579,TE,MIA,4.168875951482301,9.814966721781165,19.233171790288715,32.113832156251135,46.92139732633834
