game_id,season,week,gameday,weekday,gametime,away_team,home_team,location,away_rest,home_rest,div_game,roof,surface,stadium_id,stadium
2026_01_NE_SEA,2026,1,2026-09-09,Wednesday,20:20,NE,SEA,Home,7,7,0,outdoors,fieldturf,SEA00,Lumen Field
2026_01_SF_LA,2026,1,2026-09-10,Thursday,20:35,SF,LA,Neutral,7,7,1,dome,grass,MEL00,Melbourne Cricket Ground
2026_01_ARI_LAC,2026,1,2026-09-13,Sunday,16:25,ARI,LAC,Home,7,7,0,dome,matrixturf,LAX01,SoFi Stadium
2026_01_ATL_PIT,2026,1,2026-09-13,Sunday,13:00,ATL,PIT,Home,7,7,0,outdoors,grass,PIT00,Acrisure Stadium
2026_01_BAL_IND,2026,1,2026-09-13,Sunday,13:00,BAL,IND,Home,7,7,0,closed,fieldturf,IND00,Lucas Oil Stadium
2026_01_BUF_HOU,2026,1,2026-09-13,Sunday,13:00,BUF,HOU,Home,7,7,0,closed,astroturf,HOU00,Reliant Stadium
2026_01_CHI_CAR,2026,1,2026-09-13,Sunday,13:00,CHI,CAR,Home,7,7,0,outdoors,grass,CAR00,Bank of America Stadium
2026_01_CLE_JAX,2026,1,2026-09-13,Sunday,13:00,CLE,JAX,Home,7,7,0,outdoors,grass,JAX00,EverBank Stadium
2026_01_DAL_NYG,2026,1,2026-09-13,Sunday,20:20,DAL,NYG,Home,7,7,1,outdoors,fieldturf,NYC01,MetLife Stadium
2026_01_GB_MIN,2026,1,2026-09-13,Sunday,16:25,GB,MIN,Home,7,7,1,dome,sportturf,MIN01,U.S. Bank Stadium
2026_01_MIA_LV,2026,1,2026-09-13,Sunday,16:25,MIA,LV,Home,7,7,0,dome,grass,VEG00,Allegiant Stadium
2026_01_NO_DET,2026,1,2026-09-13,Sunday,13:00,NO,DET,Home,7,7,0,dome,fieldturf,DET00,Ford Field
2026_01_NYJ_TEN,2026,1,2026-09-13,Sunday,13:00,NYJ,TEN,Home,7,7,0,outdoors,grass,NAS00,Nissan Stadium
2026_01_TB_CIN,2026,1,2026-09-13,Sunday,13:00,TB,CIN,Home,7,7,0,outdoors,fieldturf,CIN00,Paycor Stadium
2026_01_WAS_PHI,2026,1,2026-09-13,Sunday,16:25,WAS,PHI,Home,7,7,1,outdoors,grass,PHI00,Lincoln Financial Field
2026_01_DEN_KC,2026,1,2026-09-14,Monday,20:15,DEN,KC,Home,7,7,1,outdoors,grass,KAN00,GEHA Field at Arrowhead Stadium
2026_02_DET_BUF,2026,2,2026-09-17,Thursday,20:15,DET,BUF,Home,4,4,0,outdoors,a_turf,BUF00,Highmark Stadium
2026_02_CAR_ATL,2026,2,2026-09-20,Sunday,13:00,CAR,ATL,Home,7,7,1,,fieldturf,ATL97,Mercedes-Benz Stadium
2026_02_CIN_HOU,2026,2,2026-09-20,Sunday,13:00,CIN,HOU,Home,7,7,0,,astroturf,HOU00,Reliant Stadium
2026_02_CLE_TB,2026,2,2026-09-20,Sunday,13:00,CLE,TB,Home,7,7,0,outdoors,grass,TAM00,Raymond James Stadium
2026_02_GB_NYJ,2026,2,2026-09-20,Sunday,13:00,GB,NYJ,Home,7,7,0,outdoors,fieldturf,NYC01,MetLife Stadium
2026_02_IND_KC,2026,2,2026-09-20,Sunday,20:20,IND,KC,Home,7,6,0,outdoors,grass,KAN00,GEHA Field at Arrowhead Stadium
2026_02_JAX_DEN,2026,2,2026-09-20,Sunday,16:05,JAX,DEN,Home,7,6,0,outdoors,grass,DEN00,Empower Field at Mile High
2026_02_LV_LAC,2026,2,2026-09-20,Sunday,16:05,LV,LAC,Home,7,7,1,dome,matrixturf,LAX01,SoFi Stadium
2026_02_MIA_SF,2026,2,2026-09-20,Sunday,16:25,MIA,SF,Home,7,10,0,outdoors,grass,SFO01,Levi's Stadium
2026_02_MIN_CHI,2026,2,2026-09-20,Sunday,13:00,MIN,CHI,Home,7,7,1,outdoors,grass,CHI98,Soldier Field
2026_02_NO_BAL,2026,2,2026-09-20,Sunday,13:00,NO,BAL,Home,7,7,0,outdoors,grass,BAL00,M&T Bank Stadium
2026_02_PHI_TEN,2026,2,2026-09-20,Sunday,13:00,PHI,TEN,Home,7,7,0,outdoors,grass,NAS00,Nissan Stadium
2026_02_PIT_NE,2026,2,2026-09-20,Sunday,13:00,PIT,NE,Home,7,11,0,outdoors,fieldturf,BOS00,Gillette Stadium
2026_02_SEA_ARI,2026,2,2026-09-20,Sunday,16:25,SEA,ARI,Home,11,7,1,,grass,PHO00,State Farm Stadium
2026_02_WAS_DAL,2026,2,2026-09-20,Sunday,16:25,WAS,DAL,Home,7,7,1,,matrixturf,DAL00,AT&T Stadium
2026_02_NYG_LA,2026,2,2026-09-21,Monday,20:15,NYG,LA,Home,8,11,0,dome,matrixturf,LAX01,SoFi Stadium
2026_03_ATL_GB,2026,3,2026-09-24,Thursday,20:15,ATL,GB,Home,4,4,0,outdoors,grass,GNB00,Lambeau Field
2026_03_ARI_SF,2026,3,2026-09-27,Sunday,16:05,ARI,SF,Home,7,7,1,outdoors,grass,SFO01,Levi's Stadium
2026_03_BAL_DAL,2026,3,2026-09-27,Sunday,16:25,BAL,DAL,Neutral,7,7,0,,matrixturf,RIO00,Maracana Stadium
2026_03_CAR_CLE,2026,3,2026-09-27,Sunday,13:00,CAR,CLE,Home,7,7,0,outdoors,grass,CLE00,Huntington Bank Field
2026_03_CIN_PIT,2026,3,2026-09-27,Sunday,13:00,CIN,PIT,Home,7,7,1,outdoors,grass,PIT00,Acrisure Stadium
2026_03_HOU_IND,2026,3,2026-09-27,Sunday,13:00,HOU,IND,Home,7,7,1,,fieldturf,IND00,Lucas Oil Stadium
2026_03_KC_MIA,2026,3,2026-09-27,Sunday,13:00,KC,MIA,Home,7,7,0,outdoors,grass,MIA00,Hard Rock Stadium
2026_03_LAC_BUF,2026,3,2026-09-27,Sunday,13:00,LAC,BUF,Home,7,10,0,outdoors,a_turf,BUF00,Highmark Stadium
2026_03_LA_DEN,2026,3,2026-09-27,Sunday,20:20,LA,DEN,Home,6,7,0,outdoors,grass,DEN00,Empower Field at Mile High
2026_03_LV_NO,2026,3,2026-09-27,Sunday,16:25,LV,NO,Home,7,7,0,dome,sportturf,NOR00,Caesars Superdome
2026_03_MIN_TB,2026,3,2026-09-27,Sunday,16:05,MIN,TB,Home,7,7,0,outdoors,grass,TAM00,Raymond James Stadium
2026_03_NE_JAX,2026,3,2026-09-27,Sunday,13:00,NE,JAX,Home,7,7,0,outdoors,grass,JAX00,EverBank Stadium
2026_03_NYJ_DET,2026,3,2026-09-27,Sunday,13:00,NYJ,DET,Home,7,10,0,dome,fieldturf,DET00,Ford Field
2026_03_SEA_WAS,2026,3,2026-09-27,Sunday,13:00,SEA,WAS,Home,7,7,0,outdoors,grass,WAS00,Northwest Stadium
2026_03_TEN_NYG,2026,3,2026-09-27,Sunday,13:00,TEN,NYG,Home,7,6,0,outdoors,fieldturf,NYC01,MetLife Stadium
2026_03_PHI_CHI,2026,3,2026-09-28,Monday,20:15,PHI,CHI,Home,8,8,0,outdoors,grass,CHI98,Soldier Field
2026_04_PIT_CLE,2026,4,2026-10-01,Thursday,20:15,PIT,CLE,Home,4,4,1,outdoors,grass,CLE00,Huntington Bank Field
2026_04_ARI_NYG,2026,4,2026-10-04,Sunday,13:00,ARI,NYG,Home,7,7,0,outdoors,fieldturf,NYC01,MetLife Stadium
2026_04_DAL_HOU,2026,4,2026-10-04,Sunday,13:00,DAL,HOU,Home,7,7,0,,astroturf,HOU00,Reliant Stadium
2026_04_DEN_SF,2026,4,2026-10-04,Sunday,16:25,DEN,SF,Home,7,7,0,outdoors,grass,SFO01,Levi's Stadium
2026_04_DET_CAR,2026,4,2026-10-04,Sunday,20:20,DET,CAR,Home,7,7,0,outdoors,grass,CAR00,Bank of America Stadium
2026_04_GB_TB,2026,4,2026-10-04,Sunday,13:00,GB,TB,Home,10,7,0,outdoors,grass,TAM00,Raymond James Stadium
2026_04_IND_WAS,2026,4,2026-10-04,Sunday,09:30,IND,WAS,Neutral,7,7,0,outdoors,grass,LON02,Tottenham Hotspur Stadium
2026_04_JAX_CIN,2026,4,2026-10-04,Sunday,13:00,JAX,CIN,Home,7,7,0,outdoors,fieldturf,CIN00,Paycor Stadium
2026_04_KC_LV,2026,4,2026-10-04,Sunday,16:25,KC,LV,Home,7,7,1,dome,grass,VEG00,Allegiant Stadium
2026_04_LAC_SEA,2026,4,2026-10-04,Sunday,16:25,LAC,SEA,Home,7,7,0,outdoors,fieldturf,SEA00,Lumen Field
2026_04_LA_PHI,2026,4,2026-10-04,Sunday,13:00,LA,PHI,Home,7,6,0,outdoors,grass,PHI00,Lincoln Financial Field
2026_04_MIA_MIN,2026,4,2026-10-04,Sunday,16:05,MIA,MIN,Home,7,7,0,dome,sportturf,MIN01,U.S. Bank Stadium
2026_04_NE_BUF,2026,4,2026-10-04,Sunday,13:00,NE,BUF,Home,7,7,1,outdoors,a_turf,BUF00,Highmark Stadium
2026_04_NYJ_CHI,2026,4,2026-10-04,Sunday,13:00,NYJ,CHI,Home,7,6,0,outdoors,grass,CHI98,Soldier Field
2026_04_TEN_BAL,2026,4,2026-10-04,Sunday,13:00,TEN,BAL,Home,7,7,0,outdoors,grass,BAL00,M&T Bank Stadium
2026_04_ATL_NO,2026,4,2026-10-05,Monday,20:15,ATL,NO,Home,11,8,1,dome,sportturf,NOR00,Caesars Superdome
2026_05_TB_DAL,2026,5,2026-10-08,Thursday,20:15,TB,DAL,Home,4,4,0,,matrixturf,DAL00,AT&T Stadium
2026_05_BAL_ATL,2026,5,2026-10-11,Sunday,20:20,BAL,ATL,Home,7,6,0,,fieldturf,ATL97,Mercedes-Benz Stadium
2026_05_CHI_GB,2026,5,2026-10-11,Sunday,16:25,CHI,GB,Home,7,7,1,outdoors,grass,GNB00,Lambeau Field
2026_05_CIN_MIA,2026,5,2026-10-11,Sunday,13:00,CIN,MIA,Home,7,7,0,outdoors,grass,MIA00,Hard Rock Stadium
2026_05_CLE_NYJ,2026,5,2026-10-11,Sunday,13:00,CLE,NYJ,Home,10,7,0,outdoors,fieldturf,NYC01,MetLife Stadium
2026_05_DEN_LAC,2026,5,2026-10-11,Sunday,16:05,DEN,LAC,Home,7,7,1,dome,matrixturf,LAX01,SoFi Stadium
2026_05_DET_ARI,2026,5,2026-10-11,Sunday,16:25,DET,ARI,Home,7,7,0,,grass,PHO00,State Farm Stadium
2026_05_HOU_TEN,2026,5,2026-10-11,Sunday,13:00,HOU,TEN,Home,7,7,1,outdoors,grass,NAS00,Nissan Stadium
2026_05_IND_PIT,2026,5,2026-10-11,Sunday,13:00,IND,PIT,Home,7,10,0,outdoors,grass,PIT00,Acrisure Stadium
2026_05_LV_NE,2026,5,2026-10-11,Sunday,13:00,LV,NE,Home,7,7,0,outdoors,fieldturf,BOS00,Gillette Stadium
2026_05_MIN_NO,2026,5,2026-10-11,Sunday,13:00,MIN,NO,Home,7,6,0,dome,sportturf,NOR00,Caesars Superdome
2026_05_NYG_WAS,2026,5,2026-10-11,Sunday,13:00,NYG,WAS,Home,7,7,1,outdoors,grass,WAS00,Northwest Stadium
2026_05_PHI_JAX,2026,5,2026-10-11,Sunday,09:30,PHI,JAX,Home,7,7,0,outdoors,grass,JAX00,Tottenham Hotspur Stadium
2026_05_SF_SEA,2026,5,2026-10-11,Sunday,16:25,SF,SEA,Home,7,7,1,outdoors,fieldturf,SEA00,Lumen Field
2026_05_BUF_LA,2026,5,2026-10-12,Monday,20:15,BUF,LA,Home,8,8,0,dome,matrixturf,LAX01,SoFi Stadium
2026_06_SEA_DEN,2026,6,2026-10-15,Thursday,20:15,SEA,DEN,Home,4,4,0,outdoors,grass,DEN00,Empower Field at Mile High
2026_06_ARI_LA,2026,6,2026-10-18,Sunday,16:05,ARI,LA,Home,7,6,1,dome,matrixturf,LAX01,SoFi Stadium
2026_06_BAL_CLE,2026,6,2026-10-18,Sunday,13:00,BAL,CLE,Home,7,7,1,outdoors,grass,CLE00,Huntington Bank Field
2026_06_BUF_LV,2026,6,2026-10-18,Sunday,16:25,BUF,LV,Home,6,7,0,dome,grass,VEG00,Allegiant Stadium
2026_06_CAR_PHI,2026,6,2026-10-18,Sunday,13:00,CAR,PHI,Home,14,7,0,outdoors,grass,PHI00,Lincoln Financial Field
2026_06_CHI_ATL,2026,6,2026-10-18,Sunday,13:00,CHI,ATL,Home,7,7,0,,fieldturf,ATL97,Mercedes-Benz Stadium
2026_06_DAL_GB,2026,6,2026-10-18,Sunday,20:20,DAL,GB,Home,10,7,0,outdoors,grass,GNB00,Lambeau Field
2026_06_HOU_JAX,2026,6,2026-10-18,Sunday,09:30,HOU,JAX,Neutral,7,7,1,outdoors,grass,LON00,Wembley Stadium
2026_06_LAC_KC,2026,6,2026-10-18,Sunday,16:25,LAC,KC,Home,7,14,1,outdoors,grass,KAN00,GEHA Field at Arrowhead Stadium
2026_06_NO_NYG,2026,6,2026-10-18,Sunday,13:00,NO,NYG,Home,7,7,0,outdoors,fieldturf,NYC01,MetLife Stadium
2026_06_NYJ_NE,2026,6,2026-10-18,Sunday,13:00,NYJ,NE,Home,7,7,1,outdoors,fieldturf,BOS00,Gillette Stadium
2026_06_PIT_TB,2026,6,2026-10-18,Sunday,13:00,PIT,TB,Home,7,10,0,outdoors,grass,TAM00,Raymond James Stadium
2026_06_TEN_IND,2026,6,2026-10-18,Sunday,13:00,TEN,IND,Home,7,7,1,,fieldturf,IND00,Lucas Oil Stadium
2026_06_WAS_SF,2026,6,2026-10-19,Monday,20:15,WAS,SF,Home,8,8,0,outdoors,grass,SFO01,Levi's Stadium
2026_07_NE_CHI,2026,7,2026-10-22,Thursday,20:15,NE,CHI,Home,4,4,0,outdoors,grass,CHI98,Soldier Field
2026_07_CIN_BAL,2026,7,2026-10-25,Sunday,13:00,CIN,BAL,Home,14,7,1,outdoors,grass,BAL00,M&T Bank Stadium
2026_07_CLE_TEN,2026,7,2026-10-25,Sunday,13:00,CLE,TEN,Home,7,7,0,outdoors,grass,NAS00,Nissan Stadium
2026_07_DEN_ARI,2026,7,2026-10-25,Sunday,16:05,DEN,ARI,Home,10,7,0,,grass,PHO00,State Farm Stadium
2026_07_GB_DET,2026,7,2026-10-25,Sunday,16:25,GB,DET,Home,7,14,1,dome,fieldturf,DET00,Ford Field
2026_07_IND_MIN,2026,7,2026-10-25,Sunday,13:00,IND,MIN,Home,7,14,0,dome,sportturf,MIN01,U.S. Bank Stadium
2026_07_KC_SEA,2026,7,2026-10-25,Sunday,20:20,KC,SEA,Home,7,10,0,outdoors,fieldturf,SEA00,Lumen Field
2026_07_LA_LV,2026,7,2026-10-25,Sunday,16:25,LA,LV,Home,7,7,0,dome,grass,VEG00,Allegiant Stadium
2026_07_MIA_NYJ,2026,7,2026-10-25,Sunday,13:00,MIA,NYJ,Home,14,7,1,outdoors,fieldturf,NYC01,MetLife Stadium
2026_07_NYG_HOU,2026,7,2026-10-25,Sunday,13:00,NYG,HOU,Home,7,7,0,,astroturf,HOU00,Reliant Stadium
2026_07_PIT_NO,2026,7,2026-10-25,Sunday,09:30,PIT,NO,Neutral,7,7,0,dome,sportturf,PAR00,Stade de France
2026_07_SF_ATL,2026,7,2026-10-25,Sunday,13:00,SF,ATL,Home,6,7,0,,fieldturf,ATL97,Mercedes-Benz Stadium
2026_07_TB_CAR,2026,7,2026-10-25,Sunday,13:00,TB,CAR,Home,7,7,1,outdoors,grass,CAR00,Bank of America Stadium
2026_07_DAL_PHI,2026,7,2026-10-26,Monday,20:15,DAL,PHI,Home,8,8,1,outdoors,grass,PHI00,Lincoln Financial Field
2026_08_CAR_GB,2026,8,2026-10-29,Thursday,20:15,CAR,GB,Home,4,4,0,outdoors,grass,GNB00,Lambeau Field
2026_08_ARI_DAL,2026,8,2026-11-01,Sunday,13:00,ARI,DAL,Home,7,6,0,,matrixturf,DAL00,AT&T Stadium
2026_08_ATL_TB,2026,8,2026-11-01,Sunday,13:00,ATL,TB,Home,7,7,1,outdoors,grass,TAM00,Raymond James Stadium
2026_08_BAL_BUF,2026,8,2026-11-01,Sunday,13:00,BAL,BUF,Home,7,14,0,outdoors,a_turf,BUF00,Highmark Stadium
2026_08_CLE_PIT,2026,8,2026-11-01,Sunday,13:00,CLE,PIT,Home,7,7,1,outdoors,grass,PIT00,Acrisure Stadium
2026_08_IND_JAX,2026,8,2026-11-01,Sunday,13:00,IND,JAX,Home,7,14,1,outdoors,grass,JAX00,EverBank Stadium
2026_08_KC_DEN,2026,8,2026-11-01,Sunday,16:25,KC,DEN,Home,7,7,1,outdoors,grass,DEN00,Empower Field at Mile High
2026_08_LAC_LA,2026,8,2026-11-01,Sunday,16:05,LAC,LA,Home,14,7,0,dome,matrixturf,LAX01,SoFi Stadium
2026_08_LV_NYJ,2026,8,2026-11-01,Sunday,13:00,LV,NYJ,Home,7,7,0,outdoors,fieldturf,NYC01,MetLife Stadium
2026_08_MIN_DET,2026,8,2026-11-01,Sunday,13:00,MIN,DET,Home,7,7,1,dome,fieldturf,DET00,Ford Field
2026_08_NE_MIA,2026,8,2026-11-01,Sunday,16:25,NE,MIA,Home,10,7,1,outdoors,grass,MIA00,Hard Rock Stadium
2026_08_PHI_WAS,2026,8,2026-11-01,Sunday,20:20,PHI,WAS,Home,6,13,1,outdoors,grass,WAS00,Northwest Stadium
2026_08_TEN_CIN,2026,8,2026-11-01,Sunday,13:00,TEN,CIN,Home,7,7,0,outdoors,fieldturf,CIN00,Paycor Stadium
2026_08_CHI_SEA,2026,8,2026-11-02,Monday,20:15,CHI,SEA,Home,11,8,0,outdoors,fieldturf,SEA00,Lumen Field
2026_09_JAX_BAL,2026,9,2026-11-05,Thursday,20:15,JAX,BAL,Home,4,4,0,outdoors,grass,BAL00,M&T Bank Stadium
2026_09_ARI_SEA,2026,9,2026-11-08,Sunday,16:25,ARI,SEA,Home,7,6,1,outdoors,fieldturf,SEA00,Lumen Field
2026_09_CIN_ATL,2026,9,2026-11-08,Sunday,09:30,CIN,ATL,Neutral,7,7,0,,fieldturf,MAD01,Bernabeu
2026_09_CLE_NO,2026,9,2026-11-08,Sunday,13:00,CLE,NO,Home,7,14,0,dome,sportturf,NOR00,Caesars Superdome
2026_09_DAL_IND,2026,9,2026-11-08,Sunday,13:00,DAL,IND,Home,7,7,0,,fieldturf,IND00,Lucas Oil Stadium
2026_09_DEN_CAR,2026,9,2026-11-08,Sunday,13:00,DEN,CAR,Home,7,10,0,outdoors,grass,CAR00,Bank of America Stadium
2026_09_DET_MIA,2026,9,2026-11-08,Sunday,13:00,DET,MIA,Home,7,7,0,outdoors,grass,MIA00,Hard Rock Stadium
2026_09_GB_NE,2026,9,2026-11-08,Sunday,16:25,GB,NE,Home,10,7,0,outdoors,fieldturf,BOS00,Gillette Stadium
2026_09_HOU_LAC,2026,9,2026-11-08,Sunday,16:05,HOU,LAC,Home,14,7,0,dome,matrixturf,LAX01,SoFi Stadium
2026_09_LA_WAS,2026,9,2026-11-08,Sunday,13:00,LA,WAS,Home,7,7,0,outdoors,grass,WAS00,Northwest Stadium
2026_09_LV_SF,2026,9,2026-11-08,Sunday,16:05,LV,SF,Home,7,14,0,outdoors,grass,SFO01,Levi's Stadium
2026_09_NYG_PHI,2026,9,2026-11-08,Sunday,13:00,NYG,PHI,Home,14,7,1,outdoors,grass,PHI00,Lincoln Financial Field
2026_09_NYJ_KC,2026,9,2026-11-08,Sunday,13:00,NYJ,KC,Home,7,7,0,outdoors,grass,KAN00,GEHA Field at Arrowhead Stadium
2026_09_TB_CHI,2026,9,2026-11-08,Sunday,20:20,TB,CHI,Home,7,6,0,outdoors,grass,CHI98,Soldier Field
2026_09_BUF_MIN,2026,9,2026-11-09,Monday,20:15,BUF,MIN,Home,8,8,0,dome,sportturf,MIN01,U.S. Bank Stadium
2026_10_WAS_NYG,2026,10,2026-11-12,Thursday,20:15,WAS,NYG,Home,4,4,1,outdoors,fieldturf,NYC01,MetLife Stadium
2026_10_BUF_NYJ,2026,10,2026-11-15,Sunday,13:00,BUF,NYJ,Home,6,7,1,outdoors,fieldturf,NYC01,MetLife Stadium
2026_10_CAR_NO,2026,10,2026-11-15,Sunday,13:00,CAR,NO,Home,7,7,1,dome,sportturf,NOR00,Caesars Superdome
2026_10_HOU_CLE,2026,10,2026-11-15,Sunday,13:00,HOU,CLE,Home,7,7,0,outdoors,grass,CLE00,Huntington Bank Field
2026_10_JAX_TEN,2026,10,2026-11-15,Sunday,13:00,JAX,TEN,Home,10,14,1,outdoors,grass,NAS00,Nissan Stadium
2026_10_KC_ATL,2026,10,2026-11-15,Sunday,13:00,KC,ATL,Home,7,7,0,,fieldturf,ATL97,Mercedes-Benz Stadium
2026_10_LA_ARI,2026,10,2026-11-15,Sunday,16:05,LA,ARI,Home,7,7,1,,grass,PHO00,State Farm Stadium
2026_10_MIA_IND,2026,10,2026-11-15,Sunday,13:00,MIA,IND,Home,7,7,0,,fieldturf,IND00,Lucas Oil Stadium
2026_10_MIN_GB,2026,10,2026-11-15,Sunday,13:00,MIN,GB,Home,6,7,1,outdoors,grass,GNB00,Lambeau Field
2026_10_NE_DET,2026,10,2026-11-15,Sunday,09:30,NE,DET,Neutral,7,7,0,dome,fieldturf,MUN01,FC Bayern Munich Stadium
2026_10_PIT_CIN,2026,10,2026-11-15,Sunday,20:20,PIT,CIN,Home,14,7,1,outdoors,fieldturf,CIN00,Paycor Stadium
2026_10_SEA_LV,2026,10,2026-11-15,Sunday,16:05,SEA,LV,Home,7,7,0,dome,grass,VEG00,Allegiant Stadium
2026_10_SF_DAL,2026,10,2026-11-15,Sunday,16:25,SF,DAL,Home,7,7,0,,matrixturf,DAL00,AT&T Stadium
2026_10_LAC_BAL,2026,10,2026-11-16,Monday,20:15,LAC,BAL,Home,8,11,0,outdoors,grass,BAL00,M&T Bank Stadium
2026_11_IND_HOU,2026,11,2026-11-19,Thursday,20:15,IND,HOU,Home,4,4,1,,astroturf,HOU00,Reliant Stadium
2026_11_ARI_KC,2026,11,2026-11-22,Sunday,13:00,ARI,KC,Home,7,7,0,outdoors,grass,KAN00,GEHA Field at Arrowhead Stadium
2026_11_BAL_CAR,2026,11,2026-11-22,Sunday,13:00,BAL,CAR,Home,6,7,0,outdoors,grass,CAR00,Bank of America Stadium
2026_11_JAX_NYG,2026,11,2026-11-22,Sunday,13:00,JAX,NYG,Home,7,10,0,outdoors,fieldturf,NYC01,MetLife Stadium
2026_11_LV_DEN,2026,11,2026-11-22,Sunday,16:25,LV,DEN,Home,7,14,1,outdoors,grass,DEN00,Empower Field at Mile High
2026_11_MIA_BUF,2026,11,2026-11-22,Sunday,13:00,MIA,BUF,Home,7,7,1,outdoors,a_turf,BUF00,Highmark Stadium
2026_11_MIN_SF,2026,11,2026-11-22,Sunday,20:20,MIN,SF,Neutral,7,7,0,outdoors,grass,MEX00,Estadio Banorte
2026_11_NO_CHI,2026,11,2026-11-22,Sunday,13:00,NO,CHI,Home,7,14,0,outdoors,grass,CHI98,Soldier Field
2026_11_NYJ_LAC,2026,11,2026-11-22,Sunday,16:05,NYJ,LAC,Home,7,6,0,dome,matrixturf,LAX01,SoFi Stadium
2026_11_PIT_PHI,2026,11,2026-11-22,Sunday,16:25,PIT,PHI,Home,7,14,0,outdoors,grass,PHI00,Lincoln Financial Field
2026_11_TB_DET,2026,11,2026-11-22,Sunday,13:00,TB,DET,Home,14,7,0,dome,fieldturf,DET00,Ford Field
2026_11_TEN_DAL,2026,11,2026-11-22,Sunday,13:00,TEN,DAL,Home,7,7,0,,matrixturf,DAL00,AT&T Stadium
2026_11_CIN_WAS,2026,11,2026-11-23,Monday,20:15,CIN,WAS,Home,8,11,0,outdoors,grass,WAS00,Northwest Stadium
2026_12_GB_LA,2026,12,2026-11-25,Wednesday,20:00,GB,LA,Home,10,10,0,dome,matrixturf,LAX01,SoFi Stadium
2026_12_CHI_DET,2026,12,2026-11-26,Thursday,13:00,CHI,DET,Home,4,4,1,dome,fieldturf,DET00,Ford Field
2026_12_KC_BUF,2026,12,2026-11-26,Thursday,20:20,KC,BUF,Home,4,4,0,outdoors,a_turf,BUF00,Highmark Stadium
2026_12_PHI_DAL,2026,12,2026-11-26,Thursday,16:30,PHI,DAL,Home,4,4,1,,matrixturf,DAL00,AT&T Stadium
2026_12_DEN_PIT,2026,12,2026-11-27,Friday,15:00,DEN,PIT,Home,5,5,0,outdoors,grass,PIT00,Acrisure Stadium
2026_12_ATL_MIN,2026,12,2026-11-29,Sunday,13:00,ATL,MIN,Home,14,7,0,dome,sportturf,MIN01,U.S. Bank Stadium
2026_12_BAL_HOU,2026,12,2026-11-29,Sunday,13:00,BAL,HOU,Home,7,10,0,,astroturf,HOU00,Reliant Stadium
2026_12_LV_CLE,2026,12,2026-11-29,Sunday,13:00,LV,CLE,Home,7,14,0,outdoors,grass,CLE00,Huntington Bank Field
2026_12_NE_LAC,2026,12,2026-11-29,Sunday,20:20,NE,LAC,Home,14,7,0,dome,matrixturf,LAX01,SoFi Stadium
2026_12_NO_CIN,2026,12,2026-11-29,Sunday,13:00,NO,CIN,Home,7,6,0,outdoors,fieldturf,CIN00,Paycor Stadium
2026_12_NYG_IND,2026,12,2026-11-29,Sunday,13:00,NYG,IND,Home,7,10,0,,fieldturf,IND00,Lucas Oil Stadium
2026_12_NYJ_MIA,2026,12,2026-11-29,Sunday,13:00,NYJ,MIA,Home,7,7,1,outdoors,grass,MIA00,Hard Rock Stadium
2026_12_SEA_SF,2026,12,2026-11-29,Sunday,16:25,SEA,SF,Home,14,7,1,outdoors,grass,SFO01,Levi's Stadium
2026_12_TEN_JAX,2026,12,2026-11-29,Sunday,16:05,TEN,JAX,Home,7,7,1,outdoors,grass,JAX00,EverBank Stadium
2026_12_WAS_ARI,2026,12,2026-11-29,Sunday,16:25,WAS,ARI,Home,6,7,0,,grass,PHO00,State Farm Stadium
2026_12_CAR_TB,2026,12,2026-11-30,Monday,20:15,CAR,TB,Home,8,8,1,outdoors,grass,TAM00,Raymond James Stadium
2026_13_KC_LA,2026,13,2026-12-03,Thursday,20:15,KC,LA,Home,7,8,0,dome,matrixturf,LAX01,SoFi Stadium
2026_13_BUF_NE,2026,13,2026-12-06,Sunday,16:25,BUF,NE,Home,10,7,1,outdoors,fieldturf,BOS00,Gillette Stadium
2026_13_CAR_MIN,2026,13,2026-12-06,Sunday,16:25,CAR,MIN,Home,6,7,0,dome,sportturf,MIN01,U.S. Bank Stadium
2026_13_CIN_CLE,2026,13,2026-12-06,Sunday,13:00,CIN,CLE,Home,7,7,1,outdoors,grass,CLE00,Huntington Bank Field
2026_13_DET_ATL,2026,13,2026-12-06,Sunday,13:00,DET,ATL,Home,10,7,0,,fieldturf,ATL97,Mercedes-Benz Stadium
2026_13_GB_NO,2026,13,2026-12-06,Sunday,13:00,GB,NO,Home,11,7,0,dome,sportturf,NOR00,Caesars Superdome
2026_13_HOU_PIT,2026,13,2026-12-06,Sunday,20:20,HOU,PIT,Home,7,9,0,outdoors,grass,PIT00,Acrisure Stadium
2026_13_JAX_CHI,2026,13,2026-12-06,Sunday,13:00,JAX,CHI,Home,7,10,0,outdoors,grass,CHI98,Soldier Field
2026_13_LAC_TB,2026,13,2026-12-06,Sunday,13:00,LAC,TB,Home,7,6,0,outdoors,grass,TAM00,Raymond James Stadium
2026_13_MIA_DEN,2026,13,2026-12-06,Sunday,16:05,MIA,DEN,Home,7,9,0,outdoors,grass,DEN00,Empower Field at Mile High
2026_13_PHI_ARI,2026,13,2026-12-06,Sunday,16:05,PHI,ARI,Home,10,7,0,,grass,PHO00,State Farm Stadium
2026_13_SF_NYG,2026,13,2026-12-06,Sunday,13:00,SF,NYG,Home,7,7,0,outdoors,fieldturf,NYC01,MetLife Stadium
2026_13_WAS_TEN,2026,13,2026-12-06,Sunday,13:00,WAS,TEN,Home,7,7,0,outdoors,grass,NAS00,Nissan Stadium
2026_13_DAL_SEA,2026,13,2026-12-07,Monday,20:15,DAL,SEA,Home,11,8,0,outdoors,fieldturf,SEA00,Lumen Field
2026_14_MIN_NE,2026,14,2026-12-10,Thursday,20:15,MIN,NE,Home,4,4,0,outdoors,fieldturf,BOS00,Gillette Stadium
2026_14_ATL_CLE,2026,14,2026-12-13,Sunday,13:00,ATL,CLE,Home,7,7,0,outdoors,grass,CLE00,Huntington Bank Field
2026_14_BUF_GB,2026,14,2026-12-13,Sunday,20:20,BUF,GB,Home,7,7,0,outdoors,grass,GNB00,Lambeau Field
2026_14_CHI_MIA,2026,14,2026-12-13,Sunday,13:00,CHI,MIA,Home,7,7,0,outdoors,grass,MIA00,Hard Rock Stadium
2026_14_DEN_NYJ,2026,14,2026-12-13,Sunday,13:00,DEN,NYJ,Home,7,14,0,outdoors,fieldturf,NYC01,MetLife Stadium
2026_14_HOU_WAS,2026,14,2026-12-13,Sunday,13:00,HOU,WAS,Home,7,7,0,outdoors,grass,WAS00,Northwest Stadium
2026_14_IND_PHI,2026,14,2026-12-13,Sunday,13:00,IND,PHI,Home,14,7,0,outdoors,grass,PHI00,Lincoln Financial Field
2026_14_KC_CIN,2026,14,2026-12-13,Sunday,16:25,KC,CIN,Home,10,7,0,outdoors,fieldturf,CIN00,Paycor Stadium
2026_14_LAC_LV,2026,14,2026-12-13,Sunday,16:05,LAC,LV,Home,7,14,1,dome,grass,VEG00,Allegiant Stadium
2026_14_LA_SF,2026,14,2026-12-13,Sunday,16:25,LA,SF,Home,10,7,1,outdoors,grass,SFO01,Levi's Stadium
2026_14_NO_CAR,2026,14,2026-12-13,Sunday,13:00,NO,CAR,Home,7,7,1,outdoors,grass,CAR00,Bank of America Stadium
2026_14_NYG_SEA,2026,14,2026-12-13,Sunday,16:25,NYG,SEA,Home,7,6,0,outdoors,fieldturf,SEA00,Lumen Field
2026_14_TB_BAL,2026,14,2026-12-13,Sunday,13:00,TB,BAL,Home,7,14,0,outdoors,grass,BAL00,M&T Bank Stadium
2026_14_TEN_DET,2026,14,2026-12-13,Sunday,13:00,TEN,DET,Home,7,7,0,dome,fieldturf,DET00,Ford Field
2026_14_PIT_JAX,2026,14,2026-12-14,Monday,20:15,PIT,JAX,Home,8,8,0,outdoors,grass,JAX00,EverBank Stadium
2026_15_SF_LAC,2026,15,2026-12-17,Thursday,20:15,SF,LAC,Home,4,4,0,dome,matrixturf,LAX01,SoFi Stadium
2026_15_CHI_BUF,2026,15,2026-12-19,Saturday,20:20,CHI,BUF,Home,6,6,0,outdoors,a_turf,BUF00,Highmark Stadium
2026_15_SEA_PHI,2026,15,2026-12-19,Saturday,17:00,SEA,PHI,Home,6,6,0,outdoors,grass,PHI00,Lincoln Financial Field
2026_15_ATL_WAS,2026,15,2026-12-20,Sunday,13:00,ATL,WAS,Home,7,7,0,outdoors,grass,WAS00,Northwest Stadium
2026_15_BAL_PIT,2026,15,2026-12-20,Sunday,13:00,BAL,PIT,Home,7,6,1,outdoors,grass,PIT00,Acrisure Stadium
2026_15_CIN_CAR,2026,15,2026-12-20,Sunday,13:00,CIN,CAR,Home,7,7,0,outdoors,grass,CAR00,Bank of America Stadium
2026_15_CLE_NYG,2026,15,2026-12-20,Sunday,13:00,CLE,NYG,Home,7,7,0,outdoors,fieldturf,NYC01,MetLife Stadium
2026_15_DAL_LA,2026,15,2026-12-20,Sunday,16:25,DAL,LA,Home,13,7,0,dome,matrixturf,LAX01,SoFi Stadium
2026_15_DEN_LV,2026,15,2026-12-20,Sunday,16:25,DEN,LV,Home,7,7,1,dome,grass,VEG00,Allegiant Stadium
2026_15_DET_MIN,2026,15,2026-12-20,Sunday,20:20,DET,MIN,Home,7,10,1,dome,sportturf,MIN01,U.S. Bank Stadium
2026_15_IND_TEN,2026,15,2026-12-20,Sunday,13:00,IND,TEN,Home,7,7,1,outdoors,grass,NAS00,Nissan Stadium
2026_15_JAX_HOU,2026,15,2026-12-20,Sunday,13:00,JAX,HOU,Home,6,7,1,,astroturf,HOU00,Reliant Stadium
2026_15_MIA_GB,2026,15,2026-12-20,Sunday,13:00,MIA,GB,Home,7,7,0,outdoors,grass,GNB00,Lambeau Field
2026_15_NO_TB,2026,15,2026-12-20,Sunday,13:00,NO,TB,Home,7,7,1,outdoors,grass,TAM00,Raymond James Stadium
2026_15_NYJ_ARI,2026,15,2026-12-20,Sunday,16:05,NYJ,ARI,Home,7,14,0,,grass,PHO00,State Farm Stadium
2026_15_NE_KC,2026,15,2026-12-21,Monday,20:15,NE,KC,Home,11,8,0,outdoors,grass,KAN00,GEHA Field at Arrowhead Stadium
2026_16_HOU_PHI,2026,16,2026-12-24,Thursday,20:15,HOU,PHI,Home,4,5,0,outdoors,grass,PHI00,Lincoln Financial Field
2026_16_BUF_DEN,2026,16,2026-12-25,Friday,16:30,BUF,DEN,Home,6,5,0,outdoors,grass,DEN00,Empower Field at Mile High
2026_16_GB_CHI,2026,16,2026-12-25,Friday,13:00,GB,CHI,Home,5,6,1,outdoors,grass,CHI98,Soldier Field
2026_16_LA_SEA,2026,16,2026-12-25,Friday,20:15,LA,SEA,Home,5,6,1,outdoors,fieldturf,SEA00,Lumen Field
2026_16_ARI_NO,2026,16,2026-12-27,Sunday,13:00,ARI,NO,Home,7,7,0,dome,sportturf,NOR00,Caesars Superdome
2026_16_CAR_PIT,2026,16,2026-12-27,Sunday,13:00,CAR,PIT,Home,7,7,0,outdoors,grass,PIT00,Acrisure Stadium
2026_16_CIN_IND,2026,16,2026-12-27,Sunday,13:00,CIN,IND,Home,7,7,0,,fieldturf,IND00,Lucas Oil Stadium
2026_16_CLE_BAL,2026,16,2026-12-27,Sunday,13:00,CLE,BAL,Home,7,7,1,outdoors,grass,BAL00,M&T Bank Stadium
2026_16_JAX_DAL,2026,16,2026-12-27,Sunday,20:20,JAX,DAL,Home,7,7,0,,matrixturf,DAL00,AT&T Stadium
2026_16_LAC_MIA,2026,16,2026-12-27,Sunday,13:00,LAC,MIA,Home,10,7,0,outdoors,grass,MIA00,Hard Rock Stadium
2026_16_NE_NYJ,2026,16,2026-12-27,Sunday,13:00,NE,NYJ,Home,6,7,1,outdoors,fieldturf,NYC01,MetLife Stadium
2026_16_SF_KC,2026,16,2026-12-27,Sunday,16:25,SF,KC,Home,10,6,0,outdoors,grass,KAN00,GEHA Field at Arrowhead Stadium
2026_16_TB_ATL,2026,16,2026-12-27,Sunday,13:00,TB,ATL,Home,7,7,1,,fieldturf,ATL97,Mercedes-Benz Stadium
2026_16_TEN_LV,2026,16,2026-12-27,Sunday,16:05,TEN,LV,Home,7,7,0,dome,grass,VEG00,Allegiant Stadium
2026_16_WAS_MIN,2026,16,2026-12-27,Sunday,13:00,WAS,MIN,Home,7,7,0,dome,sportturf,MIN01,U.S. Bank Stadium
2026_16_NYG_DET,2026,16,2026-12-28,Monday,20:15,NYG,DET,Home,8,8,0,dome,fieldturf,DET00,Ford Field
2026_17_BAL_CIN,2026,17,2026-12-31,Thursday,20:15,BAL,CIN,Home,4,4,1,outdoors,fieldturf,CIN00,Paycor Stadium
2026_17_BUF_MIA,2026,17,2027-01-03,Sunday,13:00,BUF,MIA,Home,9,7,1,outdoors,grass,MIA00,Hard Rock Stadium
2026_17_DEN_NE,2026,17,2027-01-03,Sunday,13:00,DEN,NE,Home,9,7,0,outdoors,fieldturf,BOS00,Gillette Stadium
2026_17_DET_CHI,2026,17,2027-01-03,Sunday,16:25,DET,CHI,Home,6,9,1,outdoors,grass,CHI98,Soldier Field
2026_17_IND_CLE,2026,17,2027-01-03,Sunday,13:00,IND,CLE,Home,7,7,0,outdoors,grass,CLE00,Huntington Bank Field
2026_17_KC_LAC,2026,17,2027-01-03,Sunday,13:00,KC,LAC,Home,7,7,1,dome,matrixturf,LAX01,SoFi Stadium
2026_17_LA_TB,2026,17,2027-01-03,Sunday,13:00,LA,TB,Home,9,7,0,outdoors,grass,TAM00,Raymond James Stadium
2026_17_LV_ARI,2026,17,2027-01-03,Sunday,16:05,LV,ARI,Home,7,7,0,,grass,PHO00,State Farm Stadium
2026_17_MIN_NYJ,2026,17,2027-01-03,Sunday,13:00,MIN,NYJ,Home,7,7,0,outdoors,fieldturf,NYC01,MetLife Stadium
2026_17_NO_ATL,2026,17,2027-01-03,Sunday,13:00,NO,ATL,Home,7,7,1,,fieldturf,ATL97,Mercedes-Benz Stadium
2026_17_NYG_DAL,2026,17,2027-01-03,Sunday,13:00,NYG,DAL,Home,6,7,1,,matrixturf,DAL00,AT&T Stadium
2026_17_PHI_SF,2026,17,2027-01-03,Sunday,20:20,PHI,SF,Home,10,7,0,outdoors,grass,SFO01,Levi's Stadium
2026_17_PIT_TEN,2026,17,2027-01-03,Sunday,13:00,PIT,TEN,Home,7,7,0,outdoors,grass,NAS00,Nissan Stadium
2026_17_SEA_CAR,2026,17,2027-01-03,Sunday,13:00,SEA,CAR,Home,9,7,0,outdoors,grass,CAR00,Bank of America Stadium
2026_17_WAS_JAX,2026,17,2027-01-03,Sunday,13:00,WAS,JAX,Home,7,7,0,outdoors,grass,JAX00,EverBank Stadium
2026_17_HOU_GB,2026,17,2027-01-04,Monday,20:15,HOU,GB,Home,11,10,0,outdoors,grass,GNB00,Lambeau Field
2026_18_ATL_CAR,2026,18,2027-01-10,Sunday,13:00,ATL,CAR,Home,7,7,1,outdoors,grass,CAR00,Bank of America Stadium
2026_18_CHI_MIN,2026,18,2027-01-10,Sunday,13:00,CHI,MIN,Home,7,7,1,dome,sportturf,MIN01,U.S. Bank Stadium
2026_18_CLE_CIN,2026,18,2027-01-10,Sunday,13:00,CLE,CIN,Home,7,10,1,outdoors,fieldturf,CIN00,Paycor Stadium
2026_18_DAL_WAS,2026,18,2027-01-10,Sunday,13:00,DAL,WAS,Home,7,7,1,outdoors,grass,WAS00,Northwest Stadium
2026_18_DET_GB,2026,18,2027-01-10,Sunday,13:00,DET,GB,Home,7,6,1,outdoors,grass,GNB00,Lambeau Field
2026_18_JAX_IND,2026,18,2027-01-10,Sunday,13:00,JAX,IND,Home,7,7,1,,fieldturf,IND00,Lucas Oil Stadium
2026_18_LAC_DEN,2026,18,2027-01-10,Sunday,13:00,LAC,DEN,Home,7,7,1,outdoors,grass,DEN00,Empower Field at Mile High
2026_18_LV_KC,2026,18,2027-01-10,Sunday,13:00,LV,KC,Home,7,7,1,outdoors,grass,KAN00,GEHA Field at Arrowhead Stadium
2026_18_MIA_NE,2026,18,2027-01-10,Sunday,13:00,MIA,NE,Home,7,7,1,outdoors,fieldturf,BOS00,Gillette Stadium
2026_18_NYJ_BUF,2026,18,2027-01-10,Sunday,13:00,NYJ,BUF,Home,7,7,1,outdoors,a_turf,BUF00,Highmark Stadium
2026_18_PHI_NYG,2026,18,2027-01-10,Sunday,13:00,PHI,NYG,Home,7,7,1,outdoors,fieldturf,NYC01,MetLife Stadium
2026_18_PIT_BAL,2026,18,2027-01-10,Sunday,13:00,PIT,BAL,Home,7,10,1,outdoors,grass,BAL00,M&T Bank Stadium
2026_18_SEA_LA,2026,18,2027-01-10,Sunday,13:00,SEA,LA,Home,7,7,1,dome,matrixturf,LAX01,SoFi Stadium
2026_18_SF_ARI,2026,18,2027-01-10,Sunday,13:00,SF,ARI,Home,7,7,1,,grass,PHO00,State Farm Stadium
2026_18_TB_NO,2026,18,2027-01-10,Sunday,13:00,TB,NO,Home,7,7,1,dome,sportturf,NOR00,Caesars Superdome
2026_18_TEN_HOU,2026,18,2027-01-10,Sunday,13:00,TEN,HOU,Home,7,6,1,,astroturf,HOU00,Reliant Stadium
