player_id,display_name,team,position,week,opponent,is_home,is_bye,A_i_w,m_pass_conv,available_at,attempts,targets,carries,receiving_yards,rushing_yards,fantasy_points
00-0034857,Josh Allen,BUF,QB,1,HOU,0.0,0,1.0,0.952645044731531,2026-08-30T00:00:00+00:00,23.320894048081957,0.0,5.095472097095146,0.0,25.801653274342716,14.005843301585005
00-0037248,James Cook,BUF,RB,1,HOU,0.0,0,1.0,0.952645044731531,2026-08-30T00:00:00+00:00,0.0,2.5925680410044025,13.36936851135276,14.277640903303647,61.30438758682775,11.73540315826969
00-0039901,Keon Coleman,BUF,WR,1,HOU,0.0,0,1.0,0.952645044731531,2026-08-30T00:00:00+00:00,0.0,3.7767111536202167,0.0,25.246150043933238,0.0,4.585398620709379
00-0038933,Dalton Kincaid,BUF,TE,1,HOU,0.0,0,1.0,0.952645044731531,2026-08-30T00:00:00+00:00,0.0,2.770160011406029,0.0,24.689693987964837,0.0,4.26248289987004
00-0037261,Khalil Shakir,BUF,WR,1,HOU,0.0,0,1.0,0.952645044731531,2026-08-30T00:00:00+00:00,0.0,3.4086411006076243,0.0,22.718357518000822,0.0,4.0599193792614665
00-0034827,DJ Moore,BUF,WR,1,HOU,0.0,0,1.0,0.952645044731531,2026-08-30T00:00:00+00:00,0.0,3.169088338422817,0.0,22.545095152313042,0.0,3.7894254209439673
00-0039875,Ray Davis,BUF,RB,1,HOU,0.0,0,1.0,0.952645044731531,2026-08-30T00:00:00+00:00,0.0,1.2498202500879998,4.1960061751608135,7.925272429617888,16.522616287455868,3.5498093100673977
00-0035537,Ty Johnson,BUF,RB,1,HOU,0.0,0,1.0,0.952645044731531,2026-08-30T00:00:00+00:00,0.0,1.4874433903489066,2.6079318071312896,8.166468921337929,13.607106914577825,3.333746006806766
00-0035689,Dawson Knox,BUF,TE,1,HOU,0.0,0,1.0,0.952645044731531,2026-08-30T00:00:00+00:00,0.0,1.733741774752099,0.0,12.745673168512205,0.0,2.425986317932276
00-0036988,Josh Palmer,BUF,WR,1,HOU,0.0,0,1.0,0.952645044731531,2026-08-30T00:00:00+00:00,0.0,1.515890006796862,0.0,10.4011001433649,0.0,1.7871313794959467
00-0038679,Tyrell Shavers,BUF,WR,1,HOU,0.0,0,1.0,0.952645044731531,2026-08-30T00:00:00+00:00,0.0,0.8271125659287234,0.0,10.24634649048019,0.0,1.5485497580397685
00-0040194,Jackson Hawes,BUF,TE,1,HOU,0.0,0,1.0,0.952645044731531,2026-08-30T00:00:00+00:00,0.0,0.7005059755091148,0.0,5.868807083614549,0.0,1.1861627345252634
00-0034577,Kyle Allen,BUF,QB,1,HOU,0.0,0,1.0,0.952645044731531,2026-08-30T00:00:00+00:00,2.058318690463186,0.0,0.3675398892572371,0.0,0.7889848393239605,0.7194521051721319
00-0041443,Skyler Bell,BUF,WR,1,HOU,0.0,0,1.0,0.952645044731531,2026-08-30T00:00:00+00:00,0.0,0.5170546145580278,0.0,3.7837865684056444,0.0,0.6602690825202135
00-0036679,Shane Buechele,BUF,QB,1,HOU,0.0,0,1.0,0.952645044731531,2026-08-30T00:00:00+00:00,1.2038928891662697,0.0,0.2405471476522541,0.0,0.7889848393239605,0.6032100794427224
00-0035140,Mecole Hardman,BUF,WR,1,HOU,0.0,0,1.0,0.952645044731531,2026-08-30T00:00:00+00:00,0.0,0.4366354101830636,0.0,2.945405517116985,0.0,0.4920120648627262
00-0034487,Trent Sherfield,BUF,WR,1,HOU,0.0,0,1.0,0.952645044731531,2026-08-30T00:00:00+00:00,0.0,0.28122556356369005,0.0,2.7664447692075713,0.0,0.45994512387312547
00-0040363,Keleki Latu,BUF,TE,1,HOU,0.0,0,1.0,0.952645044731531,2026-08-30T00:00:00+00:00,0.0,0.23536890448807735,0.0,1.4428938499768664,0.0,0.3003707073560925
00-0041221,Jackson Acker,BUF,RB,1,HOU,0.0,0,1.0,0.952645044731531,2026-08-30T00:00:00+00:00,0.0,0.06854637144019322,0.2957589100208179,0.35489327164669315,1.2967868292874152,0.23050686900623166
00-0041273,Desmond Reid,BUF,RB,1,HOU,0.0,0,1.0,0.952645044731531,2026-08-30T00:00:00+00:00,0.0,0.06854637144019322,0.2957589100208179,0.35489327164669315,1.2967868292874152,0.23050686900623166
00-0036534,Shane Zylstra,BUF,TE,1,HOU,0.0,0,1.0,0.952645044731531,2026-08-30T00:00:00+00:00,0.0,0.26682308548313977,0.0,0.9404420595544184,0.0,0.226559359920504
00-0041222,Gabriel Benyard,BUF,WR,1,HOU,0.0,0,1.0,0.952645044731531,2026-08-30T00:00:00+00:00,0.0,0.10061681397003959,0.0,0.6515495917011136,0.0,0.11202238631342533
00-0041272,Ja'Mori Maclin,BUF,WR,1,HOU,0.0,0,1.0,0.952645044731531,2026-08-30T00:00:00+00:00,0.0,0.10061681397003959,0.0,0.6515495917011136,0.0,0.11202238631342533
00-0034857,Josh Allen,BUF,QB,2,DET,1.0,0,0.97,0.9953726316400582,2026-08-30T00:00:00+00:00,25.499307927367205,0.0,5.192417026602151,0.0,26.551248862909755,15.488368891364429
00-0037248,James Cook,BUF,RB,2,DET,1.0,0,0.97,0.9953726316400582,2026-08-30T00:00:00+00:00,0.0,2.8347408407208805,13.623730121658735,16.311512567246975,63.085416810276264,12.378334735371173
00-0039901,Keon Coleman,BUF,WR,2,DET,1.0,0,0.97,0.9953726316400582,2026-08-30T00:00:00+00:00,0.0,4.129495226912395,0.0,28.842502518811376,0.0,5.238595628934154
00-0038933,Dalton Kincaid,BUF,TE,2,DET,1.0,0,0.97,0.9953726316400582,2026-08-30T00:00:00+00:00,0.0,3.0289217468800684,0.0,28.20677845126258,0.0,4.869680072484368
00-0037261,Khalil Shakir,BUF,WR,2,DET,1.0,0,0.9,0.9953726316400582,2026-08-30T00:00:00+00:00,0.0,3.4580816958974228,0.0,24.081608136446608,0.0,4.3035411992030195
00-0034827,DJ Moore,BUF,WR,2,DET,1.0,0,0.9,0.9953726316400582,2026-08-30T00:00:00+00:00,0.0,3.2150543434532826,0.0,23.897948891187315,0.0,4.016815827339449
00-0039875,Ray Davis,BUF,RB,2,DET,1.0,0,0.97,0.9953726316400582,2026-08-30T00:00:00+00:00,0.0,1.36656645088931,4.275838134812566,9.054239542098031,17.00263515093618,3.8202626087873197
00-0035537,Ty Johnson,BUF,RB,2,DET,1.0,0,0.9,0.9953726316400582,2026-08-30T00:00:00+00:00,0.0,1.5090179957438885,2.4657676129485524,8.656510677160773,12.991939540108838,3.33683064381886
00-0035689,Dawson Knox,BUF,TE,2,DET,1.0,0,0.9,0.9953726316400582,2026-08-30T00:00:00+00:00,0.0,1.7588888122056037,0.0,13.510497245944505,0.0,2.5715614258881097
00-0036988,Josh Palmer,BUF,WR,2,DET,1.0,0,0.97,0.9953726316400582,2026-08-30T00:00:00+00:00,0.0,1.6574898881507967,0.0,11.882752679571487,0.0,2.041710962854127
00-0038679,Tyrell Shavers,BUF,WR,2,DET,1.0,0,0.97,0.9953726316400582,2026-08-30T00:00:00+00:00,0.0,0.9043734758078862,0.0,11.705954133442466,0.0,1.7691430265225623
00-0040194,Jackson Hawes,BUF,TE,2,DET,1.0,0,0.97,0.9953726316400582,2026-08-30T00:00:00+00:00,0.0,0.7659405140145892,0.0,6.704827579532163,0.0,1.3551334202929834
00-0034577,Kyle Allen,BUF,QB,2,DET,1.0,0,0.9,0.9953726316400582,2026-08-30T00:00:00+00:00,2.088173550024223,0.0,0.34750446806892643,0.0,0.7533154104622842,0.7667596959127717
00-0041443,Skyler Bell,BUF,WR,2,DET,1.0,0,0.97,0.9953726316400582,2026-08-30T00:00:00+00:00,0.0,0.5653528893316885,0.0,4.322792720473029,0.0,0.7543254176396234
00-0036679,Shane Buechele,BUF,QB,2,DET,1.0,0,0.97,0.9953726316400582,2026-08-30T00:00:00+00:00,1.3163489971321782,0.0,0.245123725803973,0.0,0.8119066090537951,0.6862341833921465
00-0035140,Mecole Hardman,BUF,WR,2,DET,1.0,0,0.97,0.9953726316400582,2026-08-30T00:00:00+00:00,0.0,0.47742169546737173,0.0,3.3649830131934166,0.0,0.5620999318864024
00-0034487,Trent Sherfield,BUF,WR,2,DET,1.0,0,0.97,0.9953726316400582,2026-08-30T00:00:00+00:00,0.0,0.3074949539915988,0.0,3.160529034532777,0.0,0.5254650063768239
